product_id,sku,filename_in_zip,sha256,gallery_order
208,NM-3604,media/site-gallery-export/step4/208-step4.png,325e38929e51dfa67636190241519bfac9fa24ee9fae3bafa7aeaca487d3261c,1
211,NM-3603,media/site-gallery-export/step4/211-step4.png,83b211104c6f0c1dae147196f11d9020bd96a64512a7dd0cf6e3d5a674015d6e,2
214,NM-3602,media/site-gallery-export/step4/214-step4.png,197c630297f52bff2687ec991d81c2ee03f86e8737c2a60b4f06488f41314313,3
217,NM-3601,media/site-gallery-export/step4/217-step4.png,faa11e0e79cac2dc06e34629b8eea803bf0f7ebc756bd3e5a2088f32ccfce897,4
220,NM-3600,media/site-gallery-export/step4/220-step4.png,af529b3f7d7e2d1ef907d341cfb7b4b0c7f572ceb992db9d48e5fd4e9878dd2c,5
223,NM-3599,media/site-gallery-export/step4/223-step4.png,7da0ad1d597df4f6bed3bc0e23e30153a04433d9e3217664231d53e6d559f32e,6
235,NM-3595,media/site-gallery-export/step4/235-step4.png,dd847dfb15d3a02e80e2a4e2207c9c04cd5ff92fed5ba697b4fbbbf94d385812,7
238,NM-3594,media/site-gallery-export/step4/238-step4.png,c515bec70aed3c8311f2515d3b5d4a2c74d2f485576921e3fdf703ba3f30347f,8
256,NM-3588,media/site-gallery-export/step4/256-step4.png,da63380be371869dcdc84bef4158bef7d5909eeae57b2a7b88d33f98fa727dcd,9
259,NM-3587,media/site-gallery-export/step4/259-step4.png,e5b277c056ef40af6f50aa2f07651384290d49eaea895b75c65eecdde1811672,10
262,NM-3586,media/site-gallery-export/step4/262-step4.png,115ee2c4025fedaa490db8d29d231b34c4558b5abbd4996b46f1c0e0915f436f,11
265,12184564,media/site-gallery-export/step4/265-step4.png,80bf2e5bc375db9f6a765741edb70657f7942e8dc927e2c5bb10ba42577c7cd8,12
269,NM-3584,media/site-gallery-export/step4/269-step4.png,70939e1de65a5fbd78017c9a39bfaaa2e90367285b036c95a4a63d53ac4627a4,13
272,NM-3583,media/site-gallery-export/step4/272-step4.png,e997a2169dc9bd3b65b474a61a794e0fbf076d31c090f6c1caf01e36906f0924,14
278,NM-3581,media/site-gallery-export/step4/278-step4.png,e18b09a1fd462dd9172954f76f17cca891983eae934ca524ec3a823caa1c8aa8,15
281,NM-3580,media/site-gallery-export/step4/281-step4.png,cae7c0f62985f902f432573bc64ed05f35bf130325dea18999e932bcc0df6160,16
284,NM-3579,media/site-gallery-export/step4/284-step4.png,7ed2ab847a9549323b52e1dfce90f56228eb412fe5f798c8413710e38ca6dffe,17
287,NM-3578,media/site-gallery-export/step4/287-step4.png,6f3bb4fc02a37adf7209dfa4d2fff8f7a51dbdf70d59d42597c823a75f5454ab,18
290,NM-3577,media/site-gallery-export/step4/290-step4.png,ce81836333e41ba47b5448f7ac9a6772268d571b325dd4870b848a700991747b,19
293,NM-3576,media/site-gallery-export/step4/293-step4.png,ae93532da402603a11813d35a116811038b1e81f9fbfd4beeb90864fd5a93418,20
297,NM-3575,media/site-gallery-export/step4/297-step4.png,8bc7a045bf77056961862f360004afe542e3ccbf758f7d0e4b7e8d37e9e82220,21
300,NM-3574,media/site-gallery-export/step4/300-step4.png,456edb28b32a2629dec6a932e2500fb25dca5c7cffc27526203abb5c38c7cfbd,22
303,NM-3573,media/site-gallery-export/step4/303-step4.png,6e120193791b4dd3d9d1201bfdd0dddba86dba291459cff012d3d1930456bea9,23
306,NM-3572,media/site-gallery-export/step4/306-step4.png,80ec7d1642ede1af4ef4479c6b2be462ab10e4d8517e706625186120f85ee964,24
309,NM-3571,media/site-gallery-export/step4/309-step4.png,48fbd40624666be8348c450632ef5fe30ee8199070b6d3cc45ce9477f4dc0a6b,25
312,NM-3570,media/site-gallery-export/step4/312-step4.png,be94914e5ac9e990fd578f37396a062ba2de163b51ce6f7ee22b9a42f1819872,26
315,NM-3569,media/site-gallery-export/step4/315-step4.png,4b2016c241efb449cef16859ff5b287d59d184a5ef2bb5cdda560b08e8ee28ca,27
318,NM-3568,media/site-gallery-export/step4/318-step4.png,530e7d98018845f9107c629dbfda0d1f5f3f81a894b538de8ed528380ca99931,28
322,NM-3567,media/site-gallery-export/step4/322-step4.png,46d74b3b6b66b204802026eb68afd6dc806e989e7472eb47d176e7a645f18061,29
325,NM-3566,media/site-gallery-export/step4/325-step4.png,24c0c6169c1d314e572423cc75d828ed9a40b4abd010172f498149519ef12826,30
328,07164563,media/site-gallery-export/step4/328-step4.png,cf6bfc3469b895e64fd5fa4534aa73d6942b8e78509d6200ba0d611ba1195d87,31
330,NM-3564,media/site-gallery-export/step4/330-step4.png,66f32b4414475dce2d11ca16258d8f457b6104646e37f278b31da102338cfbc1,32
333,NM-3563,media/site-gallery-export/step4/333-step4.png,5ae7e54a20541ea0601dd1121a0a4936265d4127ff92e2a703aa2a7275c0db3b,33
336,NM-3562,media/site-gallery-export/step4/336-step4.png,169d22deda6232105bf44fff56b0f1bddaf3bab935691ecfc0853821b7b80f62,34
339,NM-3561,media/site-gallery-export/step4/339-step4.png,54aa4ed37f88639ac0d702a93e7dcc7aea2c0843377b2d1831536484984a3606,35
348,NM-3558,media/site-gallery-export/step4/348-step4.png,babd8740d42e772b50203ddaa5514ed12fe8ca9fea5b93e4e1d386f608c589c8,36
351,NM-3557,media/site-gallery-export/step4/351-step4.png,a0277fe274ab2347cc58a3bfa477a0cd4675d8540697cfb09849cf52683d1af4,37
354,NM-3556,media/site-gallery-export/step4/354-step4.png,e453beb9ab19ab08ba62c802c203f722704ee7db8197ab0c3154488a03348956,38
357,NM-3555,media/site-gallery-export/step4/357-step4.png,ca7a5592147dce183900a5c0aab607828578735efe66a8bad490696ccb1900a2,39
360,NM-3554,media/site-gallery-export/step4/360-step4.png,89328f179c4c86135a4664ce6aebcad180bac6a6235fce666136028c56ecc808,40
363,NM-3553,media/site-gallery-export/step4/363-step4.png,c5ef93b1d7c5f2eec471f68472934831fe4d7f9aed8ac2300f1bae0c12939116,41
366,NM-3552,media/site-gallery-export/step4/366-step4.png,c16fe08afd3042e5eef3bebf16e88ab97b9a8895b121609ed05454c2e7a06a9f,42
369,NM-3551,media/site-gallery-export/step4/369-step4.png,f98d2d72f6aecbecc4d6bf0f1f18528740a64c039f8772148adaf95fd09c65e8,43
372,NM-3550,media/site-gallery-export/step4/372-step4.png,01b876cad7a23953250cbe3a60176b6e5d97e64c7c2b9ff79006e5296d7cf9ca,44
375,NM-3549,media/site-gallery-export/step4/375-step4.png,fed7fda163b1ab9dedb6e3299d597d7f8594fa7f01041139388e2317407ef6b8,45
378,NM-3548,media/site-gallery-export/step4/378-step4.png,81156171c5c3a73061b65f495fb3c02a6494e34fea3b7926f6d15cd43e35b33e,46
390,13204540,media/site-gallery-export/step4/390-step4.png,d5115e2bd486cd4c46717198a37ff2127f5711ae8ca593f86416319d5d416376,47
