sku,angle,cleaned_path,sha256,group,status
00164408,A,media/batch2-cleaned/cleaned/00164408/00164408-A-step1.webp,8cb546bb1d55e8d332bf32ef4b289bda52ff1d8a7bb52c4e31988b5edbb08030,APPROVED_PILOT,READY_FOR_OWNER_SITE_DEPLOY
00164426,A,media/batch2-cleaned/cleaned/00164426/00164426-A-step1.webp,d3668f8043f8adf02d04ba9dc198e88456430fa992f8d80cef6d0faf53b5cc3a,APPROVED_PILOT,READY_FOR_OWNER_SITE_DEPLOY
00164827,A,media/batch2-cleaned/cleaned/00164827/00164827-A-step1.webp,690aa532c305f714b5ca0e3a6b92ea8e19e023380fe863df4fb422fa30b3908c,APPROVED_PILOT,READY_FOR_OWNER_SITE_DEPLOY
05144751,A,media/batch2-cleaned/cleaned/05144751/05144751-A-step1.webp,08e85631000de2ed191a5a090c504f91924f5de975108389b3ba3d0816acef47,APPROVED_PILOT,READY_FOR_OWNER_SITE_DEPLOY
05144751,B,media/batch2-cleaned/cleaned/05144751/05144751-B-step1.webp,940495b195185621e0762e555ff7e2056fa145ca1014b49665e2e2d9f6920745,APPROVED_PILOT,READY_FOR_OWNER_SITE_DEPLOY
06164666,A,media/batch2-cleaned/cleaned/06164666/06164666-A-step1.webp,72f4391e87c7c85d9eaea01aa7f95a2fac2df8b192a482afaabaf90e94dd8027,APPROVED_PILOT,READY_FOR_OWNER_SITE_DEPLOY
06164666,B,media/batch2-cleaned/cleaned/06164666/06164666-B-step1.webp,9b19576e6721e0f00081d7c5f87761a78eae97c4f4d6991a44e3dc403b088067,SAFE_PENDING,READY_FOR_OWNER_SITE_DEPLOY
071445721,A,media/batch2-cleaned/cleaned/071445721/071445721-A-step1.webp,e422cb41d2d70098400e1797d1faa0d733457f50ed1a52c222b245d8e502a588,RISKY_PENDING,DO_NOT_DEPLOY_UNTIL_MANUAL_APPROVAL
071445721,B,media/batch2-cleaned/cleaned/071445721/071445721-B-step1.webp,703daeb4e0c0efb6210251a9d7d93d839671b181ded856a7860617be23fc758f,RISKY_PENDING,DO_NOT_DEPLOY_UNTIL_MANUAL_APPROVAL
071445722,A,media/batch2-cleaned/cleaned/071445722/071445722-A-step1.webp,968ae05ab9e8a0e9c499bde9f3d73cc33d5bfc83c31827a6193ebcde0da051dc,RISKY_PENDING,DO_NOT_DEPLOY_UNTIL_MANUAL_APPROVAL
071445722,B,media/batch2-cleaned/cleaned/071445722/071445722-B-step1.webp,ebf5adf4bdb2672317280115cb65aa3ebc526ce0f16c99f9f50b3b0f86045e2f,SAFE_PENDING,READY_FOR_OWNER_SITE_DEPLOY
071645460,A,media/batch2-cleaned/cleaned/071645460/071645460-A-step1.webp,0766273af5a4d05043050dd674069031391e4f3ed947d293e992d210aac9acd2,SAFE_PENDING,READY_FOR_OWNER_SITE_DEPLOY
071645460,B,media/batch2-cleaned/cleaned/071645460/071645460-B-step1.webp,4af702d39b651987926446494b753dd215c77fdc5875b1e71fe6af2b895a1edc,SAFE_PENDING,READY_FOR_OWNER_SITE_DEPLOY
071645461,A,media/batch2-cleaned/cleaned/071645461/071645461-A-step1.webp,88a639899e4e262082537664165f7d2ab576d36a8f5d409a581641d2c62f3634,SAFE_PENDING,READY_FOR_OWNER_SITE_DEPLOY
071645461,B,media/batch2-cleaned/cleaned/071645461/071645461-B-step1.webp,effaaf420ecfecc9a7a434a461ed281cac9eebe87263ca4a43bc3a2fabc41206,NO_LOGO,NO_REPLACEMENT_NEEDED
071645462,A,media/batch2-cleaned/cleaned/071645462/071645462-A-step1.webp,513923c5a13eb08498289ce595e81aa0ccd2ec00a99e40a18dd6a7153e5fb288,SAFE_PENDING,READY_FOR_OWNER_SITE_DEPLOY
071645462,B,media/batch2-cleaned/cleaned/071645462/071645462-B-step1.webp,e7679a96bbce9938de688dcf1babb48ac0934015109aa1d15e1f685bb95431a7,SAFE_PENDING,READY_FOR_OWNER_SITE_DEPLOY
071645463,A,media/batch2-cleaned/cleaned/071645463/071645463-A-step1.webp,6042044bdcbaf32b89ab9dfa4d8c5671e36bc112a7d3dfda01afca9e7a4dc377,SAFE_PENDING,READY_FOR_OWNER_SITE_DEPLOY
071645463,B,media/batch2-cleaned/cleaned/071645463/071645463-B-step1.webp,720d334d412c506fcf6024a8565e2b7b7e590f010a68851a3ce9509dca5fe62a,SAFE_PENDING,READY_FOR_OWNER_SITE_DEPLOY
071645740,A,media/batch2-cleaned/cleaned/071645740/071645740-A-step1.webp,732809afeb8d5e724cc2244e98fa267827180b72867c594d08326710c0ad5c11,SAFE_PENDING,READY_FOR_OWNER_SITE_DEPLOY
071645740,B,media/batch2-cleaned/cleaned/071645740/071645740-B-step1.webp,ac3e0307be95b909deb8e5b169809cfe4b2e39260f617982fce53e198321516f,SAFE_PENDING,READY_FOR_OWNER_SITE_DEPLOY
071645741,A,media/batch2-cleaned/cleaned/071645741/071645741-A-step1.webp,aa57440dbb54a1b3af9afde1d2d3b8c698c5ce8fe446ddd93f65fd81b58556dc,SAFE_PENDING,READY_FOR_OWNER_SITE_DEPLOY
071645741,B,media/batch2-cleaned/cleaned/071645741/071645741-B-step1.webp,336e93c251525fa7a32eb085c8da3191dcfa5fd69ad7c923b893d68ae9505f4c,SAFE_PENDING,READY_FOR_OWNER_SITE_DEPLOY
07164826,A,media/batch2-cleaned/cleaned/07164826/07164826-A-step1.webp,1c5371a2c6de87336bc7620bbccf0006a5d96efac4a321961913d062c3396e73,SAFE_PENDING,READY_FOR_OWNER_SITE_DEPLOY
07164826,B,media/batch2-cleaned/cleaned/07164826/07164826-B-step1.webp,cf6cb6ca1e355daf440f7fe8f33c0cb590b89b46558d0b38e9f75440b33fbfd9,SAFE_PENDING,READY_FOR_OWNER_SITE_DEPLOY
071845710,A,media/batch2-cleaned/cleaned/071845710/071845710-A-step1.webp,e11714e00ed2842ab4b95590821f60407696fa5716f2fb51a6923258306586bd,SAFE_PENDING,READY_FOR_OWNER_SITE_DEPLOY
071845710,B,media/batch2-cleaned/cleaned/071845710/071845710-B-step1.webp,9f55207512b06ac91680f9726beecf51e082a1bd3fe38e57ab1b885551bd686b,SAFE_PENDING,READY_FOR_OWNER_SITE_DEPLOY
071845711,A,media/batch2-cleaned/cleaned/071845711/071845711-A-step1.webp,695e553eb70ac27ea81fe4806be8253113e2b5b5661f7d8c412da1f006039005,HOLD_IDENTITY_REVIEW,HOLD_IDENTITY_REVIEW
071845711,B,media/batch2-cleaned/cleaned/071845711/071845711-B-step1.webp,cb41c270c7b4f0ef366fea4d5a557e20753fddac4f590e0409269653be569fea,HOLD_IDENTITY_REVIEW,HOLD_IDENTITY_REVIEW
071845711,C,media/batch2-cleaned/cleaned/071845711/071845711-C-step1.webp,937e38a5dea86960b21fdb3e6d940cff4d12f2b6870eae578a22be7a25d6fae4,HOLD_IDENTITY_REVIEW,HOLD_IDENTITY_REVIEW
071845712,A,media/batch2-cleaned/cleaned/071845712/071845712-A-step1.webp,6918816a9fe27d7838d0ad2d20529f34dcaa4d0c30f59f144dba1af4fb8fc043,SAFE_PENDING,READY_FOR_OWNER_SITE_DEPLOY
071845712,B,media/batch2-cleaned/cleaned/071845712/071845712-B-step1.webp,3337d76b732cebf5335f162690becbdf16c011a9529f3677b3bb51bf2acaae82,SAFE_PENDING,READY_FOR_OWNER_SITE_DEPLOY
071845713,A,media/batch2-cleaned/cleaned/071845713/071845713-A-step1.webp,a32cab86ba61f41ec18733716027436818d77c71c814bdc03c1eaeb1397cf317,SAFE_PENDING,READY_FOR_OWNER_SITE_DEPLOY
071845713,B,media/batch2-cleaned/cleaned/071845713/071845713-B-step1.webp,10c39145f06d23b68c1bc4f6bc59898187c9eab00094e76804490b8143a9314e,SAFE_PENDING,READY_FOR_OWNER_SITE_DEPLOY
081445480,A,media/batch2-cleaned/cleaned/081445480/081445480-A-step1.webp,7e57c7d6d3af496d488de32a02a579d31a7bc418c93d0a58aebca9531443db11,SAFE_PENDING,READY_FOR_OWNER_SITE_DEPLOY
081445480,B,media/batch2-cleaned/cleaned/081445480/081445480-B-step1.webp,2df80b143b89f978002ef1fe881c8b1c0f25da9a7774b55a0f75b1ce15c0b393,SAFE_PENDING,READY_FOR_OWNER_SITE_DEPLOY
081445481,A,media/batch2-cleaned/cleaned/081445481/081445481-A-step1.webp,0a5207d9571462a3dc62c3139dcb65892fd040ffecedd12b72135c182f4c589a,RISKY_PENDING,DO_NOT_DEPLOY_UNTIL_MANUAL_APPROVAL
081445481,B,media/batch2-cleaned/cleaned/081445481/081445481-B-step1.webp,4ae79f6222d96c7bc08128aae558e536c4527ca6930a4910a57facdd30646b80,SAFE_PENDING,READY_FOR_OWNER_SITE_DEPLOY
081445482,A,media/batch2-cleaned/cleaned/081445482/081445482-A-step1.webp,48974ec00dc3441948fc11ffd363213fd3427cc597703c29fd3b5da8d3ada741,RISKY_PENDING,DO_NOT_DEPLOY_UNTIL_MANUAL_APPROVAL
081445482,B,media/batch2-cleaned/cleaned/081445482/081445482-B-step1.webp,ddc1864a8b1d6f24319f137c710cd589361b887aa9c6a3e7fd0be9d4612e9f0a,RISKY_PENDING,DO_NOT_DEPLOY_UNTIL_MANUAL_APPROVAL
081445483,A,media/batch2-cleaned/cleaned/081445483/081445483-A-step1.webp,5b05b775c89176fac100bfdbcd5f416cb97909045b01a05ff98de0f425bee6f5,SAFE_PENDING,READY_FOR_OWNER_SITE_DEPLOY
081445483,B,media/batch2-cleaned/cleaned/081445483/081445483-B-step1.webp,2315dcc7406cce6c7567a0dfc06c880209ba244c5e3901a54564ae7b09202db3,RISKY_PENDING,DO_NOT_DEPLOY_UNTIL_MANUAL_APPROVAL
081445484,A,media/batch2-cleaned/cleaned/081445484/081445484-A-step1.webp,78f2f6e018fcea6887065c65219ebd64c6a1db0efaf98c0742491e9cd3fd8803,SAFE_PENDING,READY_FOR_OWNER_SITE_DEPLOY
081445484,B,media/batch2-cleaned/cleaned/081445484/081445484-B-step1.webp,703eaf0d1f99c270d5308920d58460d37202586f99e078314df34e3cbb906cf4,SAFE_PENDING,READY_FOR_OWNER_SITE_DEPLOY
081445720,A,media/batch2-cleaned/cleaned/081445720/081445720-A-step1.webp,5f073b5d811888512540f17d66712260d51854ecb74b018d48045e8f8e455535,RISKY_PENDING,DO_NOT_DEPLOY_UNTIL_MANUAL_APPROVAL
081445720,B,media/batch2-cleaned/cleaned/081445720/081445720-B-step1.webp,f30b9284c924b1c9209c1c507479e0ca787af32352992b68e7846ec9af56f1d9,RISKY_PENDING,DO_NOT_DEPLOY_UNTIL_MANUAL_APPROVAL
081645420,A,media/batch2-cleaned/cleaned/081645420/081645420-A-step1.webp,0e0810e9dd432a5915aef9947f5f0581df3a34dbab0b10fee3e4fc534f155986,SAFE_PENDING,READY_FOR_OWNER_SITE_DEPLOY
081645420,B,media/batch2-cleaned/cleaned/081645420/081645420-B-step1.webp,dc64b51a018d6c69907431716d055b3a63e07da103a5034a79bf8c6f2bf18fd6,SAFE_PENDING,READY_FOR_OWNER_SITE_DEPLOY
081645421,A,media/batch2-cleaned/cleaned/081645421/081645421-A-step1.webp,61589250d660f296c861a2053a70074f2905acf3ebfd6a7d22351e152265ef37,SAFE_PENDING,READY_FOR_OWNER_SITE_DEPLOY
081645421,B,media/batch2-cleaned/cleaned/081645421/081645421-B-step1.webp,926ef6d09e3c41e880af7879bbe3fcf0d050868d1118062de291a2ea21b63e5d,RISKY_PENDING,DO_NOT_DEPLOY_UNTIL_MANUAL_APPROVAL
081645422,A,media/batch2-cleaned/cleaned/081645422/081645422-A-step1.webp,d3ac38458f96ee65516639eb6e09ca8f437d11c691e9e89bd7e9f54171de545b,SAFE_PENDING,READY_FOR_OWNER_SITE_DEPLOY
081645422,B,media/batch2-cleaned/cleaned/081645422/081645422-B-step1.webp,18393794c5b557b1ead325869a3c0f9ee9642069d0ca909ad5833f4d07e8aff8,RISKY_PENDING,DO_NOT_DEPLOY_UNTIL_MANUAL_APPROVAL
081645423,A,media/batch2-cleaned/cleaned/081645423/081645423-A-step1.webp,59c244e8e4a43eda0e351ea48262ee5696ee4574aa31793ff236de58ab499de6,SAFE_PENDING,READY_FOR_OWNER_SITE_DEPLOY
081645423,B,media/batch2-cleaned/cleaned/081645423/081645423-B-step1.webp,fc0c8d000c7cc6b358a9a7937177d5322d81bd8cadfca17a52ef0f12849f43ba,SAFE_PENDING,READY_FOR_OWNER_SITE_DEPLOY
081645430,A,media/batch2-cleaned/cleaned/081645430/081645430-A-step1.webp,6aef63a0af063dd7a0456abc3af2902012792f56abccbcf45393de722623a698,RISKY_PENDING,DO_NOT_DEPLOY_UNTIL_MANUAL_APPROVAL
081645430,B,media/batch2-cleaned/cleaned/081645430/081645430-B-step1.webp,9c7110b3c62123e1e0d891289514d217f74c4a5c4268325421f28168fc97aca4,RISKY_PENDING,DO_NOT_DEPLOY_UNTIL_MANUAL_APPROVAL
081645431,A,media/batch2-cleaned/cleaned/081645431/081645431-A-step1.webp,442c1ac1e020602b8349deb2813ca9c8d07950e253a338fad3867978c7bb00cb,SAFE_PENDING,READY_FOR_OWNER_SITE_DEPLOY
081645431,B,media/batch2-cleaned/cleaned/081645431/081645431-B-step1.webp,93917716b11e2931924c5e25c991a4101bcade7bfc83789adea9ef13deea69d6,SAFE_PENDING,READY_FOR_OWNER_SITE_DEPLOY
081645432,A,media/batch2-cleaned/cleaned/081645432/081645432-A-step1.webp,7b5ceb1eb50dca4f2d8fb5ed6096988dee3ab5f1fa198eb88acd4b86fe038b85,SAFE_PENDING,READY_FOR_OWNER_SITE_DEPLOY
081645432,B,media/batch2-cleaned/cleaned/081645432/081645432-B-step1.webp,11c6002e924a24bad1aa12b4979ecda98cce5e3ef79c2e778993c679a235be28,SAFE_PENDING,READY_FOR_OWNER_SITE_DEPLOY
081645433,A,media/batch2-cleaned/cleaned/081645433/081645433-A-step1.webp,2382589646da5ba839687b6efa08e929129dd3a0b480dbd847cb67a49c05aa50,SAFE_PENDING,READY_FOR_OWNER_SITE_DEPLOY
081645433,B,media/batch2-cleaned/cleaned/081645433/081645433-B-step1.webp,95b7dcd6818477e9c06b8557ae254ced614a367dcb45d7c6aea4a4e7d93b9c29,SAFE_PENDING,READY_FOR_OWNER_SITE_DEPLOY
081645434,A,media/batch2-cleaned/cleaned/081645434/081645434-A-step1.webp,6c366ea8b49fa85ce02d17af9d46ba1ffad4b36cadff71b25088eb48b3bc158e,SAFE_PENDING,READY_FOR_OWNER_SITE_DEPLOY
081645434,B,media/batch2-cleaned/cleaned/081645434/081645434-B-step1.webp,faf12473a9aa560a98dacef5c0ee9057979a83209444bcdd4c822c714f022723,SAFE_PENDING,READY_FOR_OWNER_SITE_DEPLOY
081645435,A,media/batch2-cleaned/cleaned/081645435/081645435-A-step1.webp,945d97c090824e557e59ac298588f23edd3841b71f7773a6054cfbd0a97b850a,SAFE_PENDING,READY_FOR_OWNER_SITE_DEPLOY
081645435,B,media/batch2-cleaned/cleaned/081645435/081645435-B-step1.webp,830aef4a4efa81b2dcae8cd77f4dcef63e999393d9b5ec499af84de25a2b1df9,SAFE_PENDING,READY_FOR_OWNER_SITE_DEPLOY
081645437,A,media/batch2-cleaned/cleaned/081645437/081645437-A-step1.webp,ac869b2a372a23279115f7e323d5051c1cdbe9b3f32fea5fc9a9e3c8f1c208fa,SAFE_PENDING,READY_FOR_OWNER_SITE_DEPLOY
081645437,B,media/batch2-cleaned/cleaned/081645437/081645437-B-step1.webp,4e2ae72f945ebb92f6a7a305d6513bd66460d8c1a18a8e51f61bb4065dc9a7f0,SAFE_PENDING,READY_FOR_OWNER_SITE_DEPLOY
081645438,A,media/batch2-cleaned/cleaned/081645438/081645438-A-step1.webp,e79cc8692cdf153d5707a4ebb227177769deaf53c5e2a838d17e8cfdfa941fb9,SAFE_PENDING,READY_FOR_OWNER_SITE_DEPLOY
081645438,B,media/batch2-cleaned/cleaned/081645438/081645438-B-step1.webp,5fd9b31b7e1b5007188ceefd2405f157a83cef9d876a854515d53db1940096dd,SAFE_PENDING,READY_FOR_OWNER_SITE_DEPLOY
081645452,A,media/batch2-cleaned/cleaned/081645452/081645452-A-step1.webp,e7d60c26d0f55dd76833e0b6d4483480ae56dfdcf17cbb8226ee0faa1228eb96,HOLD_IDENTITY_REVIEW,HOLD_IDENTITY_REVIEW
081645452,B,media/batch2-cleaned/cleaned/081645452/081645452-B-step1.webp,26a4385ec73c3926ea08078ad45b70fcb0cce8c5b55339d017f03c0d113c5560,HOLD_IDENTITY_REVIEW,HOLD_IDENTITY_REVIEW
0816454700,A,media/batch2-cleaned/cleaned/0816454700/0816454700-A-step1.webp,5804e9a3097d6d7c14bf2dfcce9a6d65eb607b9df7a700e511938c90baa3e36e,HOLD_IDENTITY_REVIEW,HOLD_IDENTITY_REVIEW
0816454700,B,media/batch2-cleaned/cleaned/0816454700/0816454700-B-step1.webp,82e69465825a157c729ce16c9ffac705ee3751bfeb1be45639996e7665e682b3,HOLD_IDENTITY_REVIEW,HOLD_IDENTITY_REVIEW
081645471,A,media/batch2-cleaned/cleaned/081645471/081645471-A-step1.webp,eaba1776600abcb8d3e8ea33219b8c19ea318559f916fcbb2e27ba01fb029c09,SAFE_PENDING,READY_FOR_OWNER_SITE_DEPLOY
081645471,B,media/batch2-cleaned/cleaned/081645471/081645471-B-step1.webp,6d6b3d2c3b983ee642182e01c3b66f76d0c762c86d1bc53ce1e9a031b09ea6ce,SAFE_PENDING,READY_FOR_OWNER_SITE_DEPLOY
081645472,A,media/batch2-cleaned/cleaned/081645472/081645472-A-step1.webp,6ea169153e1af05abfd99aa891455cd82cffb563567af919a65baf9d2c53a42f,SAFE_PENDING,READY_FOR_OWNER_SITE_DEPLOY
081645472,B,media/batch2-cleaned/cleaned/081645472/081645472-B-step1.webp,89c382ff9a41ec5e8987105aac00b8d60b5f61da411341badb7d2b98ede6ab41,SAFE_PENDING,READY_FOR_OWNER_SITE_DEPLOY
081645473,A,media/batch2-cleaned/cleaned/081645473/081645473-A-step1.webp,6bcca2c4dc7c698bc37a88689455ed970895e3abceaf357c10ca32781ade9fcb,RISKY_PENDING,DO_NOT_DEPLOY_UNTIL_MANUAL_APPROVAL
081645473,B,media/batch2-cleaned/cleaned/081645473/081645473-B-step1.webp,8eea63aefe7aa19e525ea7431ab0cd7dba3adac6d61be364da99e7bf6e4c1624,SAFE_PENDING,READY_FOR_OWNER_SITE_DEPLOY
081645490,A,media/batch2-cleaned/cleaned/081645490/081645490-A-step1.webp,b0b9fb8d43d5b4220284d2b0abe599bc2cb147576ba2228efef54cd272d995a7,RISKY_PENDING,DO_NOT_DEPLOY_UNTIL_MANUAL_APPROVAL
081645490,B,media/batch2-cleaned/cleaned/081645490/081645490-B-step1.webp,6cd6b1cef861e7ea511abd79fa93104a3bc0ea39ac04301c95506d6623a0c373,RISKY_PENDING,DO_NOT_DEPLOY_UNTIL_MANUAL_APPROVAL
081645491,A,media/batch2-cleaned/cleaned/081645491/081645491-A-step1.webp,826f51a20f13085924802d23521dedfb62ee87696325c75c39a70693e29ec7b3,RISKY_PENDING,DO_NOT_DEPLOY_UNTIL_MANUAL_APPROVAL
081645491,B,media/batch2-cleaned/cleaned/081645491/081645491-B-step1.webp,5af88053d64f60ffa77255f6471cc423237cb0afb12ebc659aa6d1c2696e91be,SAFE_PENDING,READY_FOR_OWNER_SITE_DEPLOY
081645492,A,media/batch2-cleaned/cleaned/081645492/081645492-A-step1.webp,b46302243b51314fc3e5c47c675337b0c9cd6a4566ea5c1dee8bf0b81398df8f,RISKY_PENDING,DO_NOT_DEPLOY_UNTIL_MANUAL_APPROVAL
081645492,B,media/batch2-cleaned/cleaned/081645492/081645492-B-step1.webp,4c07faa1d54219fffb9a2b2056db30e6cc69f2c77be6c2a47562f372d519bb64,SAFE_PENDING,READY_FOR_OWNER_SITE_DEPLOY
08164592,A,media/batch2-cleaned/cleaned/08164592/08164592-A-step1.webp,629a6391760a2da91b0617dc97e7c0b7ddd21630256fc3c3391ccdbcf711a817,HOLD_IDENTITY_REVIEW,HOLD_IDENTITY_REVIEW
08164592,B,media/batch2-cleaned/cleaned/08164592/08164592-B-step1.webp,41a7f226d899f4f3793a58218e0ed3235f33d02103813717ca3fa20be4c31da9,HOLD_IDENTITY_REVIEW,HOLD_IDENTITY_REVIEW
081845436,A,media/batch2-cleaned/cleaned/081845436/081845436-A-step1.webp,843502c77fe62b9b016c1359d2b1588aed58dec6a9162ae40bbdc4ac04b0d82c,SAFE_PENDING,READY_FOR_OWNER_SITE_DEPLOY
081845436,B,media/batch2-cleaned/cleaned/081845436/081845436-B-step1.webp,304b3a9b5e1b6621ab7e08a6ba64b3676cdbb0534c0317e5f10287f96ad77869,SAFE_PENDING,READY_FOR_OWNER_SITE_DEPLOY
081845730,A,media/batch2-cleaned/cleaned/081845730/081845730-A-step1.webp,a019658a3f30f97945316e7106f6930d145854f38aaeadfc389d8f511421e179,RISKY_PENDING,DO_NOT_DEPLOY_UNTIL_MANUAL_APPROVAL
081845730,B,media/batch2-cleaned/cleaned/081845730/081845730-B-step1.webp,09158c1fe1240190b6c893e3489f9baadabcb681ba9b28e609c441e19291c04a,SAFE_PENDING,READY_FOR_OWNER_SITE_DEPLOY
081845731,A,media/batch2-cleaned/cleaned/081845731/081845731-A-step1.webp,27a2e0a6bb2cb68d0a82f841989bf27730b71471a58f1cb92bb2cb481a1e703e,SAFE_PENDING,READY_FOR_OWNER_SITE_DEPLOY
081845731,B,media/batch2-cleaned/cleaned/081845731/081845731-B-step1.webp,effa86be0ca09d693e825978fcedf0b8f1f4b4e2451ff0500e8fe4c8cb94ba44,SAFE_PENDING,READY_FOR_OWNER_SITE_DEPLOY
081845733,A,media/batch2-cleaned/cleaned/081845733/081845733-A-step1.webp,6e7713945ccc2018961d31e0dc86ce5cba3125c2fc88ca896a2ddb32976242fe,SAFE_PENDING,READY_FOR_OWNER_SITE_DEPLOY
081845733,B,media/batch2-cleaned/cleaned/081845733/081845733-B-step1.webp,fbc4eb49679eed4f3ee3685c200b053a0d3759af6f5705d38cfd5916fb5469c6,SAFE_PENDING,READY_FOR_OWNER_SITE_DEPLOY
081845734,A,media/batch2-cleaned/cleaned/081845734/081845734-A-step1.webp,62a67aab82e71f7eb8de7dacc6bdc9ee32c33f694171de312159239b561769b6,SAFE_PENDING,READY_FOR_OWNER_SITE_DEPLOY
081845734,B,media/batch2-cleaned/cleaned/081845734/081845734-B-step1.webp,e5d40124f1be43f345a8d9102429f90ddedc4a69a625d415489769849c2785da,SAFE_PENDING,READY_FOR_OWNER_SITE_DEPLOY
082045410,A,media/batch2-cleaned/cleaned/082045410/082045410-A-step1.webp,46b7000f7a2113515a453fad57a2afcec228e237e4f33559dba91700bb5be3ff,SAFE_PENDING,READY_FOR_OWNER_SITE_DEPLOY
082045410,B,media/batch2-cleaned/cleaned/082045410/082045410-B-step1.webp,9d1ea2df9dfa61b4d6d84061e83789511c0f19c6fa2a97c4f539cabf12c97221,SAFE_PENDING,READY_FOR_OWNER_SITE_DEPLOY
082045411,A,media/batch2-cleaned/cleaned/082045411/082045411-A-step1.webp,7832c44ee058c3720339bb5666ace75d8007a2745c020f62a5807ed1a974ea37,RISKY_PENDING,DO_NOT_DEPLOY_UNTIL_MANUAL_APPROVAL
082045411,B,media/batch2-cleaned/cleaned/082045411/082045411-B-step1.webp,737b1d1bc9e8a5971e0b5f65738fbc5c09f4ceed361ebc42775ecacc1cdaec84,RISKY_PENDING,DO_NOT_DEPLOY_UNTIL_MANUAL_APPROVAL
082045412,A,media/batch2-cleaned/cleaned/082045412/082045412-A-step1.webp,82195e5237c1e0806bc172d11b774b60cecc5f6b33a7364dcbd8626d10a647be,HOLD_IDENTITY_REVIEW,HOLD_IDENTITY_REVIEW
082045412,B,media/batch2-cleaned/cleaned/082045412/082045412-B-step1.webp,eaa750f5ddf68fc527c4b5c2767cb51a3a737a4d89a97c9a162a777dc2907aa2,HOLD_IDENTITY_REVIEW,HOLD_IDENTITY_REVIEW
082045413,A,media/batch2-cleaned/cleaned/082045413/082045413-A-step1.webp,66ec79b0a6e9964f60af50cd664479a69e0878290558ff68f2cd2d9651cf1131,RISKY_PENDING,DO_NOT_DEPLOY_UNTIL_MANUAL_APPROVAL
082045413,B,media/batch2-cleaned/cleaned/082045413/082045413-B-step1.webp,92ccf0b481e199ab8d395da77d339418f12eff8de38445e3923065630c9096fc,SAFE_PENDING,READY_FOR_OWNER_SITE_DEPLOY
082045415,A,media/batch2-cleaned/cleaned/082045415/082045415-A-step1.webp,fb12beb051043fd6f619f4ad8282c1fb9f4c37611f35997b198b5f0a827de8d5,SAFE_PENDING,READY_FOR_OWNER_SITE_DEPLOY
082045415,B,media/batch2-cleaned/cleaned/082045415/082045415-B-step1.webp,9ce7b8d2104ab1e234e8d8086c98d5507389eb865bea74d62ff213883cb7d861,SAFE_PENDING,READY_FOR_OWNER_SITE_DEPLOY
082045416,A,media/batch2-cleaned/cleaned/082045416/082045416-A-step1.webp,c3cc0be9340df0dbdb33371c38aa03d958cdb5323bc99311410b46608264f158,SAFE_PENDING,READY_FOR_OWNER_SITE_DEPLOY
082045416,B,media/batch2-cleaned/cleaned/082045416/082045416-B-step1.webp,00226c4b9016907604824ab10d8eb447345e7d7efa348ae3089ccb15f3b68f46,RISKY_PENDING,DO_NOT_DEPLOY_UNTIL_MANUAL_APPROVAL
082045450,A,media/batch2-cleaned/cleaned/082045450/082045450-A-step1.webp,db63e190b6f01f3e1f0d378a72b0ae54c0b02aaff3d9dadc1a172da7cbddf476,SAFE_PENDING,READY_FOR_OWNER_SITE_DEPLOY
082045450,B,media/batch2-cleaned/cleaned/082045450/082045450-B-step1.webp,bddf121dade212e6bc0e11ccb5c73feb036750003c9eb4b53c27668aed4d3e4f,SAFE_PENDING,READY_FOR_OWNER_SITE_DEPLOY
082045451,A,media/batch2-cleaned/cleaned/082045451/082045451-A-step1.webp,f48d73a6338d93006829b7fb19b5cfc2133eb082511d14b671bf6ea3bec5c406,SAFE_PENDING,READY_FOR_OWNER_SITE_DEPLOY
082045451,B,media/batch2-cleaned/cleaned/082045451/082045451-B-step1.webp,2927228d5cb7685c03b025bd793e1d8b24d4f9d7629a287d8bbca14b683bf811,SAFE_PENDING,READY_FOR_OWNER_SITE_DEPLOY
082045453,A,media/batch2-cleaned/cleaned/082045453/082045453-A-step1.webp,bd9d80c00aca855561d33676c1f74d29bd612f79d9596c5ecf23a5baea4975d0,SAFE_PENDING,READY_FOR_OWNER_SITE_DEPLOY
082045453,B,media/batch2-cleaned/cleaned/082045453/082045453-B-step1.webp,b439b0bafd04b62a7b3478504839d8aab5901a99ead426540e93a3ac625f3a8d,SAFE_PENDING,READY_FOR_OWNER_SITE_DEPLOY
082045732,A,media/batch2-cleaned/cleaned/082045732/082045732-A-step1.webp,224f9d713983b78278553e458299ed23abd18f74acd93f1bc297438cfe772da5,SAFE_PENDING,READY_FOR_OWNER_SITE_DEPLOY
082045732,B,media/batch2-cleaned/cleaned/082045732/082045732-B-step1.webp,40527f4684a4b00f6f37a28734dacd466092bf34de1fb4954cac1fc2f197da45,SAFE_PENDING,READY_FOR_OWNER_SITE_DEPLOY
10124828,A,media/batch2-cleaned/cleaned/10124828/10124828-A-step1.webp,765b2880e25b35c3adb97a9e0fe18d1aef6686f3c92c695a47486bcda83634a0,RISKY_PENDING,DO_NOT_DEPLOY_UNTIL_MANUAL_APPROVAL
10124828,B,media/batch2-cleaned/cleaned/10124828/10124828-B-step1.webp,be95bc7cf8e83748b1f0c6473c971b674b344f853276a0075b862c45fe84dc70,RISKY_PENDING,DO_NOT_DEPLOY_UNTIL_MANUAL_APPROVAL
10124828,C,media/batch2-cleaned/cleaned/10124828/10124828-C-step1.webp,54860a215ab94396013f812a002b98f8c923a95b2bf3cf189cfbd13901772d1a,RISKY_PENDING,DO_NOT_DEPLOY_UNTIL_MANUAL_APPROVAL
10144405,A,media/batch2-cleaned/cleaned/10144405/10144405-A-step1.webp,a7aadb5aa22f49f5ca3d77030bdb2d6b93880868867eed6873c3968d48705ba2,SAFE_PENDING,READY_FOR_OWNER_SITE_DEPLOY
10144405,B,media/batch2-cleaned/cleaned/10144405/10144405-B-step1.webp,0a82d062b31fc0b59a61f06e44e4d9e57e8b66d2d4a88d8f9d32c01a8963add3,SAFE_PENDING,READY_FOR_OWNER_SITE_DEPLOY
10144532,A,media/batch2-cleaned/cleaned/10144532/10144532-A-step1.webp,1968b5474e3e0bb2572e4bc13c067088489d053a3dbe128586e425bd9d321e50,RISKY_PENDING,DO_NOT_DEPLOY_UNTIL_MANUAL_APPROVAL
10144532,B,media/batch2-cleaned/cleaned/10144532/10144532-B-step1.webp,58f36c7f65dfcf5110fb6b0dbb6f48e108d802f8300f0e24670a188cae02904a,RISKY_PENDING,DO_NOT_DEPLOY_UNTIL_MANUAL_APPROVAL
10164669,A,media/batch2-cleaned/cleaned/10164669/10164669-A-step1.webp,2aa5405940a0bb8c09640bd6f6be16f4f09ac893cae5bcb4bf115542d146f5e5,SAFE_PENDING,READY_FOR_OWNER_SITE_DEPLOY
10164669,B,media/batch2-cleaned/cleaned/10164669/10164669-B-step1.webp,05225a2b82d7176c947db974e52b418f7877de6defb50934174f75d010086778,SAFE_PENDING,READY_FOR_OWNER_SITE_DEPLOY
10164669,C,media/batch2-cleaned/cleaned/10164669/10164669-C-step1.webp,276c47aa1214d288ebffbc1655f6fccc4344bc694b4c8e6f1f8dc9d75499b5c4,SAFE_PENDING,READY_FOR_OWNER_SITE_DEPLOY
10165000,A,media/batch2-cleaned/cleaned/10165000/10165000-A-step1.webp,a8eb435851bff2fd0977d9c7f17120af82a1845d91606b9949a4ce29365c0b80,RISKY_PENDING,DO_NOT_DEPLOY_UNTIL_MANUAL_APPROVAL
10165000,B,media/batch2-cleaned/cleaned/10165000/10165000-B-step1.webp,f3e9cefd3d427e0b523098d98ea18e066ddc392f6ec450ec4862b4909d285e73,SAFE_PENDING,READY_FOR_OWNER_SITE_DEPLOY
10194538,A,media/batch2-cleaned/cleaned/10194538/10194538-A-step1.webp,37a005ffbc08649a7892154a1c6d4266cd9ac4735fc14b2da54ad9095584cc3c,RISKY_PENDING,DO_NOT_DEPLOY_UNTIL_MANUAL_APPROVAL
10194538,B,media/batch2-cleaned/cleaned/10194538/10194538-B-step1.webp,fdb0ed6bcf08ac2dfe20262825856b42dd94d17f25baeb1f62d4f81a13d69f55,RISKY_PENDING,DO_NOT_DEPLOY_UNTIL_MANUAL_APPROVAL
10204516,A,media/batch2-cleaned/cleaned/10204516/10204516-A-step1.webp,641b91495427a88fa527e59986cc7b8ded979441663cdf8652fa22b3a5c9edfe,RISKY_PENDING,DO_NOT_DEPLOY_UNTIL_MANUAL_APPROVAL
10204813,A,media/batch2-cleaned/cleaned/10204813/10204813-A-step1.webp,1be2b606aae1d49ebb26aa0358930c842f9f40f3112d8d151d98af79f19ae3ed,NO_LOGO,NO_REPLACEMENT_NEEDED
1098900,A,media/batch2-cleaned/cleaned/1098900/1098900-A-step1.webp,138abe65ffe2ee84b1157581dcdb702a03774136509881f2497eb9488382b331,HOLD_IDENTITY_REVIEW,HOLD_IDENTITY_REVIEW
1098900,B,media/batch2-cleaned/cleaned/1098900/1098900-B-step1.webp,20c0f9351bc95e226d81350c29c5bcfea489ac0e078f913e6611aa1e2a5c9662,HOLD_IDENTITY_REVIEW,HOLD_IDENTITY_REVIEW
11164750,A,media/batch2-cleaned/cleaned/11164750/11164750-A-step1.webp,6bacf50b253d2539cef8156a5d0ecc2cba5350331eb3ea0cfbccb9fc0e9ddea8,SAFE_PENDING,READY_FOR_OWNER_SITE_DEPLOY
11164750,B,media/batch2-cleaned/cleaned/11164750/11164750-B-step1.webp,667abe0adf007a22dc1523b40cb08676bbc7c744c36e8a54950ae6e06bc785e4,SAFE_PENDING,READY_FOR_OWNER_SITE_DEPLOY
11204804,A,media/batch2-cleaned/cleaned/11204804/11204804-A-step1.webp,a55fe7e8795860b1b911431e05a5a39fe592552c3eab7f62b41595a3a8ac0178,RISKY_PENDING,DO_NOT_DEPLOY_UNTIL_MANUAL_APPROVAL
11224537,A,media/batch2-cleaned/cleaned/11224537/11224537-A-step1.webp,5ad68ccd660d6ecd5295a90bb31a1f4c3668811ac06e5ec3ef9fa10dfa1fde5c,SAFE_PENDING,READY_FOR_OWNER_SITE_DEPLOY
11224537,B,media/batch2-cleaned/cleaned/11224537/11224537-B-step1.webp,9b9a1e03ff00f0edd6e364762a500dfe3788724b437993c87bbf129e3b282352,RISKY_PENDING,DO_NOT_DEPLOY_UNTIL_MANUAL_APPROVAL
12124755,A,media/batch2-cleaned/cleaned/12124755/12124755-A-step1.webp,fa5fbdaf68ceb56361d734dc95c3dd3d0044f8b0121febda2bbf8bbbdfe827ee,RISKY_PENDING,DO_NOT_DEPLOY_UNTIL_MANUAL_APPROVAL
12124755,B,media/batch2-cleaned/cleaned/12124755/12124755-B-step1.webp,7f6fd123cbf6cca4a2ac5e2e73f7703aca1020eadb3a1f943b90274286dec3bc,SAFE_PENDING,READY_FOR_OWNER_SITE_DEPLOY
12164727,A,media/batch2-cleaned/cleaned/12164727/12164727-A-step1.webp,0bfb44b92818c3b84d94e23416e96704621ad1e8f228e0f19b5bf5535ce26bc1,SAFE_PENDING,READY_FOR_OWNER_SITE_DEPLOY
12164727,B,media/batch2-cleaned/cleaned/12164727/12164727-B-step1.webp,9c3ab1620e0bb1c047293c99e887027cd7eb8a352437980fb55274728e716719,NO_LOGO,NO_REPLACEMENT_NEEDED
12164727,C,media/batch2-cleaned/cleaned/12164727/12164727-C-step1.webp,268fbcccaa5006c1e7e866982ff764636f224b0deec7f26846d9eecdaf297fc8,NO_LOGO,NO_REPLACEMENT_NEEDED
12164727,D,media/batch2-cleaned/cleaned/12164727/12164727-D-step1.webp,0979f8f7586ab37faa15cf4f094b0100e4a9614391b0543153601ba7d7117efe,NO_LOGO,NO_REPLACEMENT_NEEDED
12164727,E,media/batch2-cleaned/cleaned/12164727/12164727-E-step1.webp,07f20dd63a209b81a0c19514b0f9e306963889bbcc31edf1ef0c02abe49169b2,NO_LOGO,NO_REPLACEMENT_NEEDED
12184425,A,media/batch2-cleaned/cleaned/12184425/12184425-A-step1.webp,4612173de77d349d8d6e9b04c3d38b21a47f73cd4709528cf41d2ebe1dd39c61,SAFE_PENDING,READY_FOR_OWNER_SITE_DEPLOY
122545400,A,media/batch2-cleaned/cleaned/122545400/122545400-A-step1.webp,040ad19a1d175f09e8c54778f71380860edb67ed8b57b96c5d0cb1dbf86bed23,SAFE_PENDING,READY_FOR_OWNER_SITE_DEPLOY
122545400,B,media/batch2-cleaned/cleaned/122545400/122545400-B-step1.webp,4d72e9b84f896848c0ba62186c33569cf53d654e6e0a78020ade1ca1ee7a3a95,SAFE_PENDING,READY_FOR_OWNER_SITE_DEPLOY
122545401,A,media/batch2-cleaned/cleaned/122545401/122545401-A-step1.webp,cc9cf8ed3fa3c4ba88acff07b1c9bafb2f35bc948bbe0bce9ce9ab9a4123bea7,SAFE_PENDING,READY_FOR_OWNER_SITE_DEPLOY
122545401,B,media/batch2-cleaned/cleaned/122545401/122545401-B-step1.webp,a8646cb34c3f63ff07f8746835d0963aa0e95b787a50b669e93e42c4f6d3f8d5,SAFE_PENDING,READY_FOR_OWNER_SITE_DEPLOY
122545402,A,media/batch2-cleaned/cleaned/122545402/122545402-A-step1.webp,f821f6f0f3aea939d77b4651c89c4d391e56c93634da9ee22d776afd80f47819,SAFE_PENDING,READY_FOR_OWNER_SITE_DEPLOY
122545402,B,media/batch2-cleaned/cleaned/122545402/122545402-B-step1.webp,aec5f5c267af7dce3c3fb70443e2975309df21a885e561f64051c444b4d3897c,SAFE_PENDING,READY_FOR_OWNER_SITE_DEPLOY
122545403,A,media/batch2-cleaned/cleaned/122545403/122545403-A-step1.webp,da4c2021a05c4981b9c5eb5545be9b55f843e3cc5130b9e17d220924f32cbc9b,SAFE_PENDING,READY_FOR_OWNER_SITE_DEPLOY
122545403,B,media/batch2-cleaned/cleaned/122545403/122545403-B-step1.webp,ed0367f281aa69f9a669f9567171e0bfa05998e8474cc70d3824d0df170123bb,SAFE_PENDING,READY_FOR_OWNER_SITE_DEPLOY
122545404,A,media/batch2-cleaned/cleaned/122545404/122545404-A-step1.webp,4bccd3641ab55c9de149905aaf538d86333c8b69cbfd995f8d590e7694b9a873,RISKY_PENDING,DO_NOT_DEPLOY_UNTIL_MANUAL_APPROVAL
122545404,B,media/batch2-cleaned/cleaned/122545404/122545404-B-step1.webp,fead7a0483e934db2fd969daf71acd30984453abecfa49d05948a09227b2bb93,RISKY_PENDING,DO_NOT_DEPLOY_UNTIL_MANUAL_APPROVAL
122545405,A,media/batch2-cleaned/cleaned/122545405/122545405-A-step1.webp,2f85cae14ed1649e13015d5061d088481d9a31f90c60e0ce7676efb2ad50064c,SAFE_PENDING,READY_FOR_OWNER_SITE_DEPLOY
122545405,B,media/batch2-cleaned/cleaned/122545405/122545405-B-step1.webp,d28711b965b4922ff0333004231eec276177c383b1111774a99072d21231e467,RISKY_PENDING,DO_NOT_DEPLOY_UNTIL_MANUAL_APPROVAL
122545406,A,media/batch2-cleaned/cleaned/122545406/122545406-A-step1.webp,f7104cd771fe95574f37a7b16093431fed24ecdcce9a8530e4bd9a134f37b104,SAFE_PENDING,READY_FOR_OWNER_SITE_DEPLOY
122545406,B,media/batch2-cleaned/cleaned/122545406/122545406-B-step1.webp,8a7e5979f24ab2574daacda16e54aeb3a76b5278af626da08a84971ea3a48f16,SAFE_PENDING,READY_FOR_OWNER_SITE_DEPLOY
122545407,A,media/batch2-cleaned/cleaned/122545407/122545407-A-step1.webp,ce82b0157a1fa199631ef27f61ee21ab0879885c42370a69b215ff2b272cbcac,RISKY_PENDING,DO_NOT_DEPLOY_UNTIL_MANUAL_APPROVAL
122545407,B,media/batch2-cleaned/cleaned/122545407/122545407-B-step1.webp,2df4fb22afc26d5998c2a619170f24508b2a458f380c452b75d2d0b5c3ad2822,RISKY_PENDING,DO_NOT_DEPLOY_UNTIL_MANUAL_APPROVAL
122545407,C,media/batch2-cleaned/cleaned/122545407/122545407-C-step1.webp,70c03e9ecb2e275a181142965240c96095a8b7290ee8e103df4b8b7420ce0d4d,SAFE_PENDING,READY_FOR_OWNER_SITE_DEPLOY
122545440,A,media/batch2-cleaned/cleaned/122545440/122545440-A-step1.webp,e9d6474cfb5836f8465d5437743662a0dae1b90a0ec1273b538be0c29055effe,RISKY_PENDING,DO_NOT_DEPLOY_UNTIL_MANUAL_APPROVAL
122545440,B,media/batch2-cleaned/cleaned/122545440/122545440-B-step1.webp,f76230ab3d66bdef488e9cbb75ce8fd5d9900e766decad27584853001a84a6bf,SAFE_PENDING,READY_FOR_OWNER_SITE_DEPLOY
122545441,A,media/batch2-cleaned/cleaned/122545441/122545441-A-step1.webp,97402ec07f690f1146593a8abceef8743ecbf30f09c14f369bec1c9336ff3271,SAFE_PENDING,READY_FOR_OWNER_SITE_DEPLOY
122545441,B,media/batch2-cleaned/cleaned/122545441/122545441-B-step1.webp,32892362dadbe10943bd3c91af769de7298ffda56bd5c542dda258233801510a,SAFE_PENDING,READY_FOR_OWNER_SITE_DEPLOY
122545444,A,media/batch2-cleaned/cleaned/122545444/122545444-A-step1.webp,ef6d8004bc5cb7efaa33bbc794037119d4ad6adf7176dadcc66c35bb05a3b9e1,RISKY_PENDING,DO_NOT_DEPLOY_UNTIL_MANUAL_APPROVAL
122545444,B,media/batch2-cleaned/cleaned/122545444/122545444-B-step1.webp,805a2d270d48333fcf40be66bb24a044fe38d5b974938c7ab51231d379ac2011,RISKY_PENDING,DO_NOT_DEPLOY_UNTIL_MANUAL_APPROVAL
122545445,A,media/batch2-cleaned/cleaned/122545445/122545445-A-step1.webp,ab439b12670601f9792c7ba34eb471c738e99cee51c4842bf87f42a06756ec39,SAFE_PENDING,READY_FOR_OWNER_SITE_DEPLOY
122545445,B,media/batch2-cleaned/cleaned/122545445/122545445-B-step1.webp,9dbf96caa7c6df73aa91ac3b589285763a5c1b467185272bbfbe9382043bf060,SAFE_PENDING,READY_FOR_OWNER_SITE_DEPLOY
122545445,C,media/batch2-cleaned/cleaned/122545445/122545445-C-step1.webp,e8b8ca9c895cd70edbdb5134f88c8d7fcc442ec714c0dd79d5ec3741257b08e5,SAFE_PENDING,READY_FOR_OWNER_SITE_DEPLOY
14254825,A,media/batch2-cleaned/cleaned/14254825/14254825-A-step1.webp,164694efb407f7509c909133aae8d384346f8a7539016629c5dba047d4e70e90,NO_LOGO,NO_REPLACEMENT_NEEDED
14254826,A,media/batch2-cleaned/cleaned/14254826/14254826-A-step1.webp,1dc56b765374d78c73814ff0bff7ce5e0cd205137a97bf0766afcf3204c41fa3,SAFE_PENDING,READY_FOR_OWNER_SITE_DEPLOY
14254826,B,media/batch2-cleaned/cleaned/14254826/14254826-B-step1.webp,2c50b2fe8df9ff49202dfa68394babfedfdc311fb4488e5782d7240435c0159d,RISKY_PENDING,DO_NOT_DEPLOY_UNTIL_MANUAL_APPROVAL
15184805,A,media/batch2-cleaned/cleaned/15184805/15184805-A-step1.webp,0a216f1ec13f61014809bb3b8f1481c298c152f969568007e4085e13635809b1,NO_LOGO,NO_REPLACEMENT_NEEDED
16144827,A,media/batch2-cleaned/cleaned/16144827/16144827-A-step1.webp,bf1761b7c9f1c8a9266faba0a89dc6824bdb6971e083fbedd4a6ac19adcbbce3,NO_LOGO,NO_REPLACEMENT_NEEDED
17254537,A,media/batch2-cleaned/cleaned/17254537/17254537-A-step1.webp,2c212740e6cd71157abf564ef6c3b769b795c43130a1c80b8b0217726e25573d,NO_LOGO,NO_REPLACEMENT_NEEDED
17254537,B,media/batch2-cleaned/cleaned/17254537/17254537-B-step1.webp,24468dd09e92d42fdb362079d0f66ee18839ce4079ce1ad9f1a91efac00d1474,RISKY_PENDING,DO_NOT_DEPLOY_UNTIL_MANUAL_APPROVAL
17254817,A,media/batch2-cleaned/cleaned/17254817/17254817-A-step1.webp,05934335a94f5e06e87d3250c7e46f3e8e2786886b34861df8b1704615ff8d0c,RISKY_PENDING,DO_NOT_DEPLOY_UNTIL_MANUAL_APPROVAL
17254817,B,media/batch2-cleaned/cleaned/17254817/17254817-B-step1.webp,5940a962ec675ff8d027f3ec86ea7ff98172ea826027e43842fb3b963906f437,RISKY_PENDING,DO_NOT_DEPLOY_UNTIL_MANUAL_APPROVAL
21254539,A,media/batch2-cleaned/cleaned/21254539/21254539-A-step1.webp,401a5390582a428c6a8842b157c2c5e7cd991a915b5d8f5ab671cffb1ba134b3,RISKY_PENDING,DO_NOT_DEPLOY_UNTIL_MANUAL_APPROVAL
21254539,B,media/batch2-cleaned/cleaned/21254539/21254539-B-step1.webp,54650378b2d0ebd6c7070964f29122da5f18b4f710b29f7be4088dafe98c12d3,RISKY_PENDING,DO_NOT_DEPLOY_UNTIL_MANUAL_APPROVAL
2198900,A,media/batch2-cleaned/cleaned/2198900/2198900-A-step1.webp,b02b7aded823d9fce87acb358592c24b9c412b1ea19246bae342224fd18b6284,HOLD_IDENTITY_REVIEW,HOLD_IDENTITY_REVIEW
2198900,B,media/batch2-cleaned/cleaned/2198900/2198900-B-step1.webp,941f88e23427112a123f8c0f7aa2c51b401e24e3bce05516f56597f9f183e761,HOLD_IDENTITY_REVIEW,HOLD_IDENTITY_REVIEW
2198900,C,media/batch2-cleaned/cleaned/2198900/2198900-C-step1.webp,a6255b7a017e6689fe5fdd1b6c22e79f0911e4c0196dfa9d8ba701fe4871fe66,HOLD_IDENTITY_REVIEW,HOLD_IDENTITY_REVIEW
2409000,A,media/batch2-cleaned/cleaned/2409000/2409000-A-step1.webp,c9a8876c180c9b3e8d64eb910e40a4307938a3df00c4ff2ecbc5d7f643dc3b17,HOLD_IDENTITY_REVIEW,HOLD_IDENTITY_REVIEW
30089,A,media/batch2-cleaned/cleaned/30089/30089-A-step1.webp,dcf1c2ca90fd61730a035abf1dadfb375ce8802c0c47a57380ae6ba91fb010ae,NO_LOGO,NO_REPLACEMENT_NEEDED
