file,sku,angle,analysis_class_candidate,status,mask_bbox,contact_product_or_skin,owner_review_status,deploy_decision,qa_path,cleaned_path,original_file,hold_identity_review
00164408-A-step1.jpeg,00164408,A,SAFE,PILOT_OWNER_APPROVED_NOT_DEPLOYED,"[682, 843, 1123, 1168]",False,OWNER_APPROVED,READY_FOR_OWNER_SITE_DEPLOY,media/batch2-cleaned/qa/00164408-A-review.png,media/batch2-cleaned/cleaned/00164408/00164408-A-step1.webp,pilot/00164408-A-step1-original.jpeg,False
00164426-A-step1.jpeg,00164426,A,SAFE,PILOT_OWNER_APPROVED_NOT_DEPLOYED,"[682, 842, 1124, 1167]",False,OWNER_APPROVED,READY_FOR_OWNER_SITE_DEPLOY,media/batch2-cleaned/qa/00164426-A-review.png,media/batch2-cleaned/cleaned/00164426/00164426-A-step1.webp,pilot/00164426-A-step1-original.jpeg,False
00164827-A-step1.jpeg,00164827,A,SAFE,PILOT_OWNER_APPROVED_NOT_DEPLOYED,"[703, 862, 1144, 1187]",False,OWNER_APPROVED,READY_FOR_OWNER_SITE_DEPLOY,media/batch2-cleaned/qa/00164827-A-review.png,media/batch2-cleaned/cleaned/00164827/00164827-A-step1.webp,pilot/00164827-A-step1-original.jpeg,False
05144751-A-step1.jpg,05144751,A,RISKY,PILOT_OWNER_APPROVED_NOT_DEPLOYED,"[914, 2070, 2900, 2874]",True,OWNER_APPROVED,READY_FOR_OWNER_SITE_DEPLOY,media/batch2-cleaned/qa/05144751-A-review.png,media/batch2-cleaned/cleaned/05144751/05144751-A-step1.webp,pilot/05144751-A-step1-original.jpg,False
05144751-B-step1.jpg,05144751,B,RISKY,PILOT_OWNER_APPROVED_NOT_DEPLOYED,"[244, 2092, 2092, 2892]",True,OWNER_APPROVED,READY_FOR_OWNER_SITE_DEPLOY,media/batch2-cleaned/qa/05144751-B-review.png,media/batch2-cleaned/cleaned/05144751/05144751-B-step1.webp,pilot/05144751-B-step1-original.jpg,False
06164666-A-step1.jpg,06164666,A,SAFE,PILOT_OWNER_APPROVED_NOT_DEPLOYED,"[1836, 2166, 2888, 2898]",False,OWNER_APPROVED,READY_FOR_OWNER_SITE_DEPLOY,media/batch2-cleaned/qa/06164666-A-review.png,media/batch2-cleaned/cleaned/06164666/06164666-A-step1.webp,pilot/06164666-A-step1-original.jpg,False
06164666-B-step1.jpg,06164666,B,SAFE,FULL_RUN_REJECTED_NOT_DEPLOYED,"[150, 2088, 1226, 2838]",False,PENDING_OWNER_REVIEW,WAIT_FOR_OWNER_VISUAL_APPROVAL,media/batch2-cleaned/qa/06164666-B-review.png,media/batch2-cleaned/cleaned/06164666/06164666-B-step1.webp,06164666-B-step1.jpg,False
071445721-A-step1.jpg,071445721,A,RISKY,FULL_RUN_REJECTED_NOT_DEPLOYED,"[840, 1638, 2868, 2876]",True,PENDING_OWNER_REVIEW,DO_NOT_DEPLOY_UNTIL_MANUAL_APPROVAL,media/batch2-cleaned/qa/071445721-A-review.png,media/batch2-cleaned/cleaned/071445721/071445721-A-step1.webp,071445721-A-step1.jpg,False
071445721-B-step1.jpg,071445721,B,RISKY,FULL_RUN_REJECTED_NOT_DEPLOYED,"[184, 1936, 2164, 2832]",True,PENDING_OWNER_REVIEW,DO_NOT_DEPLOY_UNTIL_MANUAL_APPROVAL,media/batch2-cleaned/qa/071445721-B-review.png,media/batch2-cleaned/cleaned/071445721/071445721-B-step1.webp,071445721-B-step1.jpg,False
071445722-A-step1.jpg,071445722,A,RISKY,FULL_RUN_REJECTED_NOT_DEPLOYED,"[1066, 1948, 2892, 2918]",True,PENDING_OWNER_REVIEW,DO_NOT_DEPLOY_UNTIL_MANUAL_APPROVAL,media/batch2-cleaned/qa/071445722-A-review.png,media/batch2-cleaned/cleaned/071445722/071445722-A-step1.webp,071445722-A-step1.jpg,False
071445722-B-step1.jpg,071445722,B,SAFE,FULL_RUN_REJECTED_NOT_DEPLOYED,"[206, 2126, 2034, 2878]",False,PENDING_OWNER_REVIEW,WAIT_FOR_OWNER_VISUAL_APPROVAL,media/batch2-cleaned/qa/071445722-B-review.png,media/batch2-cleaned/cleaned/071445722/071445722-B-step1.webp,071445722-B-step1.jpg,False
071645460-A-step1.jpg,071645460,A,SAFE,FULL_RUN_REJECTED_NOT_DEPLOYED,"[1868, 2226, 2888, 2940]",False,PENDING_OWNER_REVIEW,WAIT_FOR_OWNER_VISUAL_APPROVAL,media/batch2-cleaned/qa/071645460-A-review.png,media/batch2-cleaned/cleaned/071645460/071645460-A-step1.webp,071645460-A-step1.jpg,False
071645460-B-step1.jpg,071645460,B,SAFE,FULL_RUN_REJECTED_NOT_DEPLOYED,"[106, 2038, 1194, 2794]",False,PENDING_OWNER_REVIEW,WAIT_FOR_OWNER_VISUAL_APPROVAL,media/batch2-cleaned/qa/071645460-B-review.png,media/batch2-cleaned/cleaned/071645460/071645460-B-step1.webp,071645460-B-step1.jpg,False
071645461-A-step1.jpg,071645461,A,SAFE,FULL_RUN_REJECTED_NOT_DEPLOYED,"[1784, 2122, 2858, 2870]",False,PENDING_OWNER_REVIEW,WAIT_FOR_OWNER_VISUAL_APPROVAL,media/batch2-cleaned/qa/071645461-A-review.png,media/batch2-cleaned/cleaned/071645461/071645461-A-step1.webp,071645461-A-step1.jpg,False
071645461-B-step1.jpg,071645461,B,NO_LOGO,FULL_RUN_REJECTED_NOT_DEPLOYED,,False,NO_LOGO_ORIGINAL_OK,NO_REPLACEMENT_NEEDED,media/batch2-cleaned/qa/071645461-B-review.png,media/batch2-cleaned/cleaned/071645461/071645461-B-step1.webp,071645461-B-step1.jpg,False
071645462-A-step1.jpg,071645462,A,SAFE,FULL_RUN_REJECTED_NOT_DEPLOYED,"[1826, 2250, 2870, 2978]",False,PENDING_OWNER_REVIEW,WAIT_FOR_OWNER_VISUAL_APPROVAL,media/batch2-cleaned/qa/071645462-A-review.png,media/batch2-cleaned/cleaned/071645462/071645462-A-step1.webp,071645462-A-step1.jpg,False
071645462-B-step1.jpg,071645462,B,SAFE,FULL_RUN_REJECTED_NOT_DEPLOYED,"[270, 2108, 1340, 2852]",False,PENDING_OWNER_REVIEW,WAIT_FOR_OWNER_VISUAL_APPROVAL,media/batch2-cleaned/qa/071645462-B-review.png,media/batch2-cleaned/cleaned/071645462/071645462-B-step1.webp,071645462-B-step1.jpg,False
071645463-A-step1.jpg,071645463,A,SAFE,FULL_RUN_REJECTED_NOT_DEPLOYED,"[1726, 2114, 2822, 2874]",False,PENDING_OWNER_REVIEW,WAIT_FOR_OWNER_VISUAL_APPROVAL,media/batch2-cleaned/qa/071645463-A-review.png,media/batch2-cleaned/cleaned/071645463/071645463-A-step1.webp,071645463-A-step1.jpg,False
071645463-B-step1.jpg,071645463,B,SAFE,FULL_RUN_REJECTED_NOT_DEPLOYED,"[214, 2114, 1310, 2874]",False,PENDING_OWNER_REVIEW,WAIT_FOR_OWNER_VISUAL_APPROVAL,media/batch2-cleaned/qa/071645463-B-review.png,media/batch2-cleaned/cleaned/071645463/071645463-B-step1.webp,071645463-B-step1.jpg,False
071645740-A-step1.jpg,071645740,A,SAFE,FULL_RUN_REJECTED_NOT_DEPLOYED,"[1282, 2246, 2902, 2984]",False,PENDING_OWNER_REVIEW,WAIT_FOR_OWNER_VISUAL_APPROVAL,media/batch2-cleaned/qa/071645740-A-review.png,media/batch2-cleaned/cleaned/071645740/071645740-A-step1.webp,071645740-A-step1.jpg,False
071645740-B-step1.jpg,071645740,B,SAFE,FULL_RUN_REJECTED_NOT_DEPLOYED,"[98, 2066, 1150, 2798]",False,PENDING_OWNER_REVIEW,WAIT_FOR_OWNER_VISUAL_APPROVAL,media/batch2-cleaned/qa/071645740-B-review.png,media/batch2-cleaned/cleaned/071645740/071645740-B-step1.webp,071645740-B-step1.jpg,False
071645741-A-step1.jpg,071645741,A,SAFE,FULL_RUN_REJECTED_NOT_DEPLOYED,"[1774, 2122, 2844, 2866]",False,PENDING_OWNER_REVIEW,WAIT_FOR_OWNER_VISUAL_APPROVAL,media/batch2-cleaned/qa/071645741-A-review.png,media/batch2-cleaned/cleaned/071645741/071645741-A-step1.webp,071645741-A-step1.jpg,False
071645741-B-step1.jpg,071645741,B,SAFE,FULL_RUN_REJECTED_NOT_DEPLOYED,"[62, 2024, 1150, 2780]",False,PENDING_OWNER_REVIEW,WAIT_FOR_OWNER_VISUAL_APPROVAL,media/batch2-cleaned/qa/071645741-B-review.png,media/batch2-cleaned/cleaned/071645741/071645741-B-step1.webp,071645741-B-step1.jpg,False
07164826-A-step1.jpeg,07164826,A,SAFE,FULL_RUN_REJECTED_NOT_DEPLOYED,"[1076, 2132, 2904, 2918]",False,PENDING_OWNER_REVIEW,WAIT_FOR_OWNER_VISUAL_APPROVAL,media/batch2-cleaned/qa/07164826-A-review.png,media/batch2-cleaned/cleaned/07164826/07164826-A-step1.webp,07164826-A-step1.jpeg,False
07164826-B-step1.jpeg,07164826,B,SAFE,FULL_RUN_REJECTED_NOT_DEPLOYED,"[302, 2126, 2142, 2924]",False,PENDING_OWNER_REVIEW,WAIT_FOR_OWNER_VISUAL_APPROVAL,media/batch2-cleaned/qa/07164826-B-review.png,media/batch2-cleaned/cleaned/07164826/07164826-B-step1.webp,07164826-B-step1.jpeg,False
071845710-A-step1.jpg,071845710,A,SAFE,FULL_RUN_REJECTED_NOT_DEPLOYED,"[966, 2140, 2762, 2906]",False,PENDING_OWNER_REVIEW,WAIT_FOR_OWNER_VISUAL_APPROVAL,media/batch2-cleaned/qa/071845710-A-review.png,media/batch2-cleaned/cleaned/071845710/071845710-A-step1.webp,071845710-A-step1.jpg,False
071845710-B-step1.jpg,071845710,B,SAFE,FULL_RUN_REJECTED_NOT_DEPLOYED,"[196, 2140, 1866, 2922]",False,PENDING_OWNER_REVIEW,WAIT_FOR_OWNER_VISUAL_APPROVAL,media/batch2-cleaned/qa/071845710-B-review.png,media/batch2-cleaned/cleaned/071845710/071845710-B-step1.webp,071845710-B-step1.jpg,False
071845711-A-step1.jpg,071845711,A,NO_LOGO,FULL_RUN_REJECTED_NOT_DEPLOYED,"[578, 579, 1000, 1000]",True,PENDING_OWNER_REVIEW,HOLD_IDENTITY_REVIEW,media/batch2-cleaned/qa/071845711-A-review.png,media/batch2-cleaned/cleaned/071845711/071845711-A-step1.webp,071845711-A-step1.jpg,True
071845711-B-step1.jpg,071845711,B,NO_LOGO,FULL_RUN_REJECTED_NOT_DEPLOYED,,False,PENDING_OWNER_REVIEW,HOLD_IDENTITY_REVIEW,media/batch2-cleaned/qa/071845711-B-review.png,media/batch2-cleaned/cleaned/071845711/071845711-B-step1.webp,071845711-B-step1.jpg,True
071845711-C-step1.jpg,071845711,C,RISKY,FULL_RUN_REJECTED_NOT_DEPLOYED,"[143, 547, 1000, 1000]",True,PENDING_OWNER_REVIEW,HOLD_IDENTITY_REVIEW,media/batch2-cleaned/qa/071845711-C-review.png,media/batch2-cleaned/cleaned/071845711/071845711-C-step1.webp,071845711-C-step1.jpg,True
071845712-A-step1.jpg,071845712,A,SAFE,FULL_RUN_REJECTED_NOT_DEPLOYED,"[1796, 2336, 2770, 3018]",False,PENDING_OWNER_REVIEW,WAIT_FOR_OWNER_VISUAL_APPROVAL,media/batch2-cleaned/qa/071845712-A-review.png,media/batch2-cleaned/cleaned/071845712/071845712-A-step1.webp,071845712-A-step1.jpg,False
071845712-B-step1.jpg,071845712,B,SAFE,FULL_RUN_REJECTED_NOT_DEPLOYED,"[166, 2216, 1212, 2946]",False,PENDING_OWNER_REVIEW,WAIT_FOR_OWNER_VISUAL_APPROVAL,media/batch2-cleaned/qa/071845712-B-review.png,media/batch2-cleaned/cleaned/071845712/071845712-B-step1.webp,071845712-B-step1.jpg,False
071845713-A-step1.jpg,071845713,A,SAFE,FULL_RUN_REJECTED_NOT_DEPLOYED,"[1780, 2228, 2756, 2914]",False,PENDING_OWNER_REVIEW,WAIT_FOR_OWNER_VISUAL_APPROVAL,media/batch2-cleaned/qa/071845713-A-review.png,media/batch2-cleaned/cleaned/071845713/071845713-A-step1.webp,071845713-A-step1.jpg,False
071845713-B-step1.jpg,071845713,B,SAFE,FULL_RUN_REJECTED_NOT_DEPLOYED,"[238, 2240, 1918, 3006]",False,PENDING_OWNER_REVIEW,WAIT_FOR_OWNER_VISUAL_APPROVAL,media/batch2-cleaned/qa/071845713-B-review.png,media/batch2-cleaned/cleaned/071845713/071845713-B-step1.webp,071845713-B-step1.jpg,False
081445480-A-step1.jpg,081445480,A,SAFE,FULL_RUN_REJECTED_NOT_DEPLOYED,"[1232, 2212, 2860, 3046]",False,PENDING_OWNER_REVIEW,WAIT_FOR_OWNER_VISUAL_APPROVAL,media/batch2-cleaned/qa/081445480-A-review.png,media/batch2-cleaned/cleaned/081445480/081445480-A-step1.webp,081445480-A-step1.jpg,False
081445480-B-step1.jpg,081445480,B,SAFE,FULL_RUN_REJECTED_NOT_DEPLOYED,"[170, 2122, 1266, 2884]",False,PENDING_OWNER_REVIEW,WAIT_FOR_OWNER_VISUAL_APPROVAL,media/batch2-cleaned/qa/081445480-B-review.png,media/batch2-cleaned/cleaned/081445480/081445480-B-step1.webp,081445480-B-step1.jpg,False
081445481-A-step1.jpg,081445481,A,RISKY,FULL_RUN_REJECTED_NOT_DEPLOYED,"[976, 2026, 2842, 2854]",True,PENDING_OWNER_REVIEW,DO_NOT_DEPLOY_UNTIL_MANUAL_APPROVAL,media/batch2-cleaned/qa/081445481-A-review.png,media/batch2-cleaned/cleaned/081445481/081445481-A-step1.webp,081445481-A-step1.jpg,False
081445481-B-step1.jpg,081445481,B,SAFE,FULL_RUN_REJECTED_NOT_DEPLOYED,"[222, 2106, 2012, 2938]",False,PENDING_OWNER_REVIEW,WAIT_FOR_OWNER_VISUAL_APPROVAL,media/batch2-cleaned/qa/081445481-B-review.png,media/batch2-cleaned/cleaned/081445481/081445481-B-step1.webp,081445481-B-step1.jpg,False
081445482-A-step1.jpg,081445482,A,RISKY,FULL_RUN_REJECTED_NOT_DEPLOYED,"[974, 2038, 2846, 2858]",True,PENDING_OWNER_REVIEW,DO_NOT_DEPLOY_UNTIL_MANUAL_APPROVAL,media/batch2-cleaned/qa/081445482-A-review.png,media/batch2-cleaned/cleaned/081445482/081445482-A-step1.webp,081445482-A-step1.jpg,False
081445482-B-step1.jpg,081445482,B,RISKY,FULL_RUN_REJECTED_NOT_DEPLOYED,"[254, 1946, 2118, 2746]",True,PENDING_OWNER_REVIEW,DO_NOT_DEPLOY_UNTIL_MANUAL_APPROVAL,media/batch2-cleaned/qa/081445482-B-review.png,media/batch2-cleaned/cleaned/081445482/081445482-B-step1.webp,081445482-B-step1.jpg,False
081445483-A-step1.jpg,081445483,A,SAFE,FULL_RUN_REJECTED_NOT_DEPLOYED,"[1614, 2152, 2800, 2924]",False,PENDING_OWNER_REVIEW,WAIT_FOR_OWNER_VISUAL_APPROVAL,media/batch2-cleaned/qa/081445483-A-review.png,media/batch2-cleaned/cleaned/081445483/081445483-A-step1.webp,081445483-A-step1.jpg,False
081445483-B-step1.jpg,081445483,B,RISKY,FULL_RUN_REJECTED_NOT_DEPLOYED,"[176, 2028, 2112, 2796]",True,PENDING_OWNER_REVIEW,DO_NOT_DEPLOY_UNTIL_MANUAL_APPROVAL,media/batch2-cleaned/qa/081445483-B-review.png,media/batch2-cleaned/cleaned/081445483/081445483-B-step1.webp,081445483-B-step1.jpg,False
081445484-A-step1.jpg,081445484,A,SAFE,FULL_RUN_REJECTED_NOT_DEPLOYED,"[972, 2068, 2808, 2914]",False,PENDING_OWNER_REVIEW,WAIT_FOR_OWNER_VISUAL_APPROVAL,media/batch2-cleaned/qa/081445484-A-review.png,media/batch2-cleaned/cleaned/081445484/081445484-A-step1.webp,081445484-A-step1.jpg,False
081445484-B-step1.jpg,081445484,B,SAFE,FULL_RUN_REJECTED_NOT_DEPLOYED,"[226, 2112, 1950, 2866]",False,PENDING_OWNER_REVIEW,WAIT_FOR_OWNER_VISUAL_APPROVAL,media/batch2-cleaned/qa/081445484-B-review.png,media/batch2-cleaned/cleaned/081445484/081445484-B-step1.webp,081445484-B-step1.jpg,False
081445720-A-step1.jpg,081445720,A,RISKY,FULL_RUN_REJECTED_NOT_DEPLOYED,"[1002, 2088, 2962, 2940]",True,PENDING_OWNER_REVIEW,DO_NOT_DEPLOY_UNTIL_MANUAL_APPROVAL,media/batch2-cleaned/qa/081445720-A-review.png,media/batch2-cleaned/cleaned/081445720/081445720-A-step1.webp,081445720-A-step1.jpg,False
081445720-B-step1.jpg,081445720,B,RISKY,FULL_RUN_REJECTED_NOT_DEPLOYED,"[1714, 2034, 2104, 2462]",False,PENDING_OWNER_REVIEW,DO_NOT_DEPLOY_UNTIL_MANUAL_APPROVAL,media/batch2-cleaned/qa/081445720-B-review.png,media/batch2-cleaned/cleaned/081445720/081445720-B-step1.webp,081445720-B-step1.jpg,False
081645420-A-step1.jpg,081645420,A,SAFE,FULL_RUN_REJECTED_NOT_DEPLOYED,"[1852, 2142, 2900, 2874]",False,PENDING_OWNER_REVIEW,WAIT_FOR_OWNER_VISUAL_APPROVAL,media/batch2-cleaned/qa/081645420-A-review.png,media/batch2-cleaned/cleaned/081645420/081645420-A-step1.webp,081645420-A-step1.jpg,False
081645420-B-step1.jpg,081645420,B,SAFE,FULL_RUN_REJECTED_NOT_DEPLOYED,"[278, 2066, 1540, 2806]",False,PENDING_OWNER_REVIEW,WAIT_FOR_OWNER_VISUAL_APPROVAL,media/batch2-cleaned/qa/081645420-B-review.png,media/batch2-cleaned/cleaned/081645420/081645420-B-step1.webp,081645420-B-step1.jpg,False
081645421-A-step1.jpg,081645421,A,SAFE,FULL_RUN_REJECTED_NOT_DEPLOYED,"[1842, 2150, 2946, 2918]",False,PENDING_OWNER_REVIEW,WAIT_FOR_OWNER_VISUAL_APPROVAL,media/batch2-cleaned/qa/081645421-A-review.png,media/batch2-cleaned/cleaned/081645421/081645421-A-step1.webp,081645421-A-step1.jpg,False
081645421-B-step1.jpg,081645421,B,RISKY,FULL_RUN_REJECTED_NOT_DEPLOYED,"[194, 1942, 1920, 2692]",True,PENDING_OWNER_REVIEW,DO_NOT_DEPLOY_UNTIL_MANUAL_APPROVAL,media/batch2-cleaned/qa/081645421-B-review.png,media/batch2-cleaned/cleaned/081645421/081645421-B-step1.webp,081645421-B-step1.jpg,False
081645422-A-step1.jpg,081645422,A,SAFE,FULL_RUN_REJECTED_NOT_DEPLOYED,"[1780, 2106, 2884, 2872]",False,PENDING_OWNER_REVIEW,WAIT_FOR_OWNER_VISUAL_APPROVAL,media/batch2-cleaned/qa/081645422-A-review.png,media/batch2-cleaned/cleaned/081645422/081645422-A-step1.webp,081645422-A-step1.jpg,False
081645422-B-step1.jpg,081645422,B,RISKY,FULL_RUN_REJECTED_NOT_DEPLOYED,"[166, 2004, 2024, 2764]",True,PENDING_OWNER_REVIEW,DO_NOT_DEPLOY_UNTIL_MANUAL_APPROVAL,media/batch2-cleaned/qa/081645422-B-review.png,media/batch2-cleaned/cleaned/081645422/081645422-B-step1.webp,081645422-B-step1.jpg,False
081645423-A-step1.jpg,081645423,A,SAFE,FULL_RUN_REJECTED_NOT_DEPLOYED,"[1974, 2202, 2984, 2910]",False,PENDING_OWNER_REVIEW,WAIT_FOR_OWNER_VISUAL_APPROVAL,media/batch2-cleaned/qa/081645423-A-review.png,media/batch2-cleaned/cleaned/081645423/081645423-A-step1.webp,081645423-A-step1.jpg,False
081645423-B-step1.jpg,081645423,B,SAFE,FULL_RUN_REJECTED_NOT_DEPLOYED,"[90, 2164, 1102, 2872]",False,PENDING_OWNER_REVIEW,WAIT_FOR_OWNER_VISUAL_APPROVAL,media/batch2-cleaned/qa/081645423-B-review.png,media/batch2-cleaned/cleaned/081645423/081645423-B-step1.webp,081645423-B-step1.jpg,False
081645430-A-step1.jpg,081645430,A,RISKY,FULL_RUN_REJECTED_NOT_DEPLOYED,"[1470, 1654, 2936, 2938]",True,PENDING_OWNER_REVIEW,DO_NOT_DEPLOY_UNTIL_MANUAL_APPROVAL,media/batch2-cleaned/qa/081645430-A-review.png,media/batch2-cleaned/cleaned/081645430/081645430-A-step1.webp,081645430-A-step1.jpg,False
081645430-B-step1.jpg,081645430,B,RISKY,FULL_RUN_REJECTED_NOT_DEPLOYED,"[102, 1706, 1516, 2880]",True,PENDING_OWNER_REVIEW,DO_NOT_DEPLOY_UNTIL_MANUAL_APPROVAL,media/batch2-cleaned/qa/081645430-B-review.png,media/batch2-cleaned/cleaned/081645430/081645430-B-step1.webp,081645430-B-step1.jpg,False
081645431-A-step1.jpg,081645431,A,SAFE,FULL_RUN_REJECTED_NOT_DEPLOYED,"[1798, 2136, 2846, 2866]",False,PENDING_OWNER_REVIEW,WAIT_FOR_OWNER_VISUAL_APPROVAL,media/batch2-cleaned/qa/081645431-A-review.png,media/batch2-cleaned/cleaned/081645431/081645431-A-step1.webp,081645431-A-step1.jpg,False
081645431-B-step1.jpg,081645431,B,SAFE,FULL_RUN_REJECTED_NOT_DEPLOYED,"[264, 2082, 1304, 2808]",False,PENDING_OWNER_REVIEW,WAIT_FOR_OWNER_VISUAL_APPROVAL,media/batch2-cleaned/qa/081645431-B-review.png,media/batch2-cleaned/cleaned/081645431/081645431-B-step1.webp,081645431-B-step1.jpg,False
081645432-A-step1.jpg,081645432,A,SAFE,FULL_RUN_REJECTED_NOT_DEPLOYED,"[1866, 2092, 2912, 2822]",False,PENDING_OWNER_REVIEW,WAIT_FOR_OWNER_VISUAL_APPROVAL,media/batch2-cleaned/qa/081645432-A-review.png,media/batch2-cleaned/cleaned/081645432/081645432-A-step1.webp,081645432-A-step1.jpg,False
081645432-B-step1.jpg,081645432,B,SAFE,FULL_RUN_REJECTED_NOT_DEPLOYED,"[166, 2252, 1216, 2984]",False,PENDING_OWNER_REVIEW,WAIT_FOR_OWNER_VISUAL_APPROVAL,media/batch2-cleaned/qa/081645432-B-review.png,media/batch2-cleaned/cleaned/081645432/081645432-B-step1.webp,081645432-B-step1.jpg,False
081645433-A-step1.jpg,081645433,A,SAFE,FULL_RUN_REJECTED_NOT_DEPLOYED,"[1872, 2166, 2904, 2886]",False,PENDING_OWNER_REVIEW,WAIT_FOR_OWNER_VISUAL_APPROVAL,media/batch2-cleaned/qa/081645433-A-review.png,media/batch2-cleaned/cleaned/081645433/081645433-A-step1.webp,081645433-A-step1.jpg,False
081645433-B-step1.jpg,081645433,B,SAFE,FULL_RUN_REJECTED_NOT_DEPLOYED,"[278, 2186, 1292, 2896]",False,PENDING_OWNER_REVIEW,WAIT_FOR_OWNER_VISUAL_APPROVAL,media/batch2-cleaned/qa/081645433-B-review.png,media/batch2-cleaned/cleaned/081645433/081645433-B-step1.webp,081645433-B-step1.jpg,False
081645434-A-step1.jpg,081645434,A,SAFE,FULL_RUN_REJECTED_NOT_DEPLOYED,"[1806, 2160, 2922, 2936]",False,PENDING_OWNER_REVIEW,WAIT_FOR_OWNER_VISUAL_APPROVAL,media/batch2-cleaned/qa/081645434-A-review.png,media/batch2-cleaned/cleaned/081645434/081645434-A-step1.webp,081645434-A-step1.jpg,False
081645434-B-step1.jpg,081645434,B,SAFE,FULL_RUN_REJECTED_NOT_DEPLOYED,"[264, 2134, 1340, 2882]",False,PENDING_OWNER_REVIEW,WAIT_FOR_OWNER_VISUAL_APPROVAL,media/batch2-cleaned/qa/081645434-B-review.png,media/batch2-cleaned/cleaned/081645434/081645434-B-step1.webp,081645434-B-step1.jpg,False
081645435-A-step1.jpg,081645435,A,SAFE,FULL_RUN_REJECTED_NOT_DEPLOYED,"[1810, 2168, 2874, 2908]",False,PENDING_OWNER_REVIEW,WAIT_FOR_OWNER_VISUAL_APPROVAL,media/batch2-cleaned/qa/081645435-A-review.png,media/batch2-cleaned/cleaned/081645435/081645435-A-step1.webp,081645435-A-step1.jpg,False
081645435-B-step1.jpg,081645435,B,SAFE,FULL_RUN_REJECTED_NOT_DEPLOYED,"[232, 2102, 1260, 2820]",False,PENDING_OWNER_REVIEW,WAIT_FOR_OWNER_VISUAL_APPROVAL,media/batch2-cleaned/qa/081645435-B-review.png,media/batch2-cleaned/cleaned/081645435/081645435-B-step1.webp,081645435-B-step1.jpg,False
081645437-A-step1.jpg,081645437,A,SAFE,FULL_RUN_REJECTED_NOT_DEPLOYED,"[1770, 2228, 2836, 2970]",False,PENDING_OWNER_REVIEW,WAIT_FOR_OWNER_VISUAL_APPROVAL,media/batch2-cleaned/qa/081645437-A-review.png,media/batch2-cleaned/cleaned/081645437/081645437-A-step1.webp,081645437-A-step1.jpg,False
081645437-B-step1.jpg,081645437,B,SAFE,FULL_RUN_REJECTED_NOT_DEPLOYED,"[174, 2170, 1246, 2916]",False,PENDING_OWNER_REVIEW,WAIT_FOR_OWNER_VISUAL_APPROVAL,media/batch2-cleaned/qa/081645437-B-review.png,media/batch2-cleaned/cleaned/081645437/081645437-B-step1.webp,081645437-B-step1.jpg,False
081645438-A-step1.jpg,081645438,A,SAFE,FULL_RUN_REJECTED_NOT_DEPLOYED,"[1814, 2176, 2910, 2938]",False,PENDING_OWNER_REVIEW,WAIT_FOR_OWNER_VISUAL_APPROVAL,media/batch2-cleaned/qa/081645438-A-review.png,media/batch2-cleaned/cleaned/081645438/081645438-A-step1.webp,081645438-A-step1.jpg,False
081645438-B-step1.jpg,081645438,B,SAFE,FULL_RUN_REJECTED_NOT_DEPLOYED,"[322, 2168, 1364, 2894]",False,PENDING_OWNER_REVIEW,WAIT_FOR_OWNER_VISUAL_APPROVAL,media/batch2-cleaned/qa/081645438-B-review.png,media/batch2-cleaned/cleaned/081645438/081645438-B-step1.webp,081645438-B-step1.jpg,False
081645452-A-step1.jpg,081645452,A,SAFE,FULL_RUN_REJECTED_NOT_DEPLOYED,"[1736, 2176, 2804, 2920]",False,PENDING_OWNER_REVIEW,HOLD_IDENTITY_REVIEW,media/batch2-cleaned/qa/081645452-A-review.png,media/batch2-cleaned/cleaned/081645452/081645452-A-step1.webp,081645452-A-step1.jpg,True
081645452-B-step1.jpg,081645452,B,SAFE,FULL_RUN_REJECTED_NOT_DEPLOYED,"[334, 2168, 1396, 2908]",False,PENDING_OWNER_REVIEW,HOLD_IDENTITY_REVIEW,media/batch2-cleaned/qa/081645452-B-review.png,media/batch2-cleaned/cleaned/081645452/081645452-B-step1.webp,081645452-B-step1.jpg,True
0816454700-A-step1.jpg,0816454700,A,RISKY,FULL_RUN_REJECTED_NOT_DEPLOYED,"[952, 2102, 2924, 2938]",True,PENDING_OWNER_REVIEW,HOLD_IDENTITY_REVIEW,media/batch2-cleaned/qa/0816454700-A-review.png,media/batch2-cleaned/cleaned/0816454700/0816454700-A-step1.webp,0816454700-A-step1.jpg,True
0816454700-B-step1.jpg,0816454700,B,RISKY,FULL_RUN_REJECTED_NOT_DEPLOYED,"[260, 2012, 2148, 2812]",True,PENDING_OWNER_REVIEW,HOLD_IDENTITY_REVIEW,media/batch2-cleaned/qa/0816454700-B-review.png,media/batch2-cleaned/cleaned/0816454700/0816454700-B-step1.webp,0816454700-B-step1.jpg,True
081645471-A-step1.jpg,081645471,A,SAFE,FULL_RUN_REJECTED_NOT_DEPLOYED,"[990, 2120, 2820, 2898]",False,PENDING_OWNER_REVIEW,WAIT_FOR_OWNER_VISUAL_APPROVAL,media/batch2-cleaned/qa/081645471-A-review.png,media/batch2-cleaned/cleaned/081645471/081645471-A-step1.webp,081645471-A-step1.jpg,False
081645471-B-step1.jpg,081645471,B,SAFE,FULL_RUN_REJECTED_NOT_DEPLOYED,"[214, 2128, 1280, 2872]",False,PENDING_OWNER_REVIEW,WAIT_FOR_OWNER_VISUAL_APPROVAL,media/batch2-cleaned/qa/081645471-B-review.png,media/batch2-cleaned/cleaned/081645471/081645471-B-step1.webp,081645471-B-step1.jpg,False
081645472-A-step1.jpg,081645472,A,SAFE,FULL_RUN_REJECTED_NOT_DEPLOYED,"[1376, 2808, 3824, 3925]",False,PENDING_OWNER_REVIEW,WAIT_FOR_OWNER_VISUAL_APPROVAL,media/batch2-cleaned/qa/081645472-A-review.png,media/batch2-cleaned/cleaned/081645472/081645472-A-step1.webp,081645472-A-step1.jpg,False
081645472-B-step1.jpg,081645472,B,SAFE,FULL_RUN_REJECTED_NOT_DEPLOYED,"[168, 2124, 1250, 2874]",False,PENDING_OWNER_REVIEW,WAIT_FOR_OWNER_VISUAL_APPROVAL,media/batch2-cleaned/qa/081645472-B-review.png,media/batch2-cleaned/cleaned/081645472/081645472-B-step1.webp,081645472-B-step1.jpg,False
081645473-A-step1.jpg,081645473,A,RISKY,FULL_RUN_REJECTED_NOT_DEPLOYED,"[892, 2168, 2886, 3012]",True,PENDING_OWNER_REVIEW,DO_NOT_DEPLOY_UNTIL_MANUAL_APPROVAL,media/batch2-cleaned/qa/081645473-A-review.png,media/batch2-cleaned/cleaned/081645473/081645473-A-step1.webp,081645473-A-step1.jpg,False
081645473-B-step1.jpg,081645473,B,SAFE,FULL_RUN_REJECTED_NOT_DEPLOYED,"[298, 2156, 1370, 2902]",False,PENDING_OWNER_REVIEW,WAIT_FOR_OWNER_VISUAL_APPROVAL,media/batch2-cleaned/qa/081645473-B-review.png,media/batch2-cleaned/cleaned/081645473/081645473-B-step1.webp,081645473-B-step1.jpg,False
081645490-A-step1.jpg,081645490,A,RISKY,FULL_RUN_REJECTED_NOT_DEPLOYED,"[854, 2066, 2894, 2892]",True,PENDING_OWNER_REVIEW,DO_NOT_DEPLOY_UNTIL_MANUAL_APPROVAL,media/batch2-cleaned/qa/081645490-A-review.png,media/batch2-cleaned/cleaned/081645490/081645490-A-step1.webp,081645490-A-step1.jpg,False
081645490-B-step1.jpg,081645490,B,RISKY,FULL_RUN_REJECTED_NOT_DEPLOYED,"[232, 2020, 2128, 2888]",True,PENDING_OWNER_REVIEW,DO_NOT_DEPLOY_UNTIL_MANUAL_APPROVAL,media/batch2-cleaned/qa/081645490-B-review.png,media/batch2-cleaned/cleaned/081645490/081645490-B-step1.webp,081645490-B-step1.jpg,False
081645491-A-step1.jpg,081645491,A,RISKY,FULL_RUN_REJECTED_NOT_DEPLOYED,"[924, 2074, 2816, 2946]",True,PENDING_OWNER_REVIEW,DO_NOT_DEPLOY_UNTIL_MANUAL_APPROVAL,media/batch2-cleaned/qa/081645491-A-review.png,media/batch2-cleaned/cleaned/081645491/081645491-A-step1.webp,081645491-A-step1.jpg,False
081645491-B-step1.jpg,081645491,B,SAFE,FULL_RUN_REJECTED_NOT_DEPLOYED,"[214, 2042, 1986, 2822]",False,PENDING_OWNER_REVIEW,WAIT_FOR_OWNER_VISUAL_APPROVAL,media/batch2-cleaned/qa/081645491-B-review.png,media/batch2-cleaned/cleaned/081645491/081645491-B-step1.webp,081645491-B-step1.jpg,False
081645492-A-step1.jpg,081645492,A,RISKY,FULL_RUN_REJECTED_NOT_DEPLOYED,"[938, 2178, 2876, 3018]",True,PENDING_OWNER_REVIEW,DO_NOT_DEPLOY_UNTIL_MANUAL_APPROVAL,media/batch2-cleaned/qa/081645492-A-review.png,media/batch2-cleaned/cleaned/081645492/081645492-A-step1.webp,081645492-A-step1.jpg,False
081645492-B-step1.jpg,081645492,B,SAFE,FULL_RUN_REJECTED_NOT_DEPLOYED,"[284, 2080, 1918, 2894]",False,PENDING_OWNER_REVIEW,WAIT_FOR_OWNER_VISUAL_APPROVAL,media/batch2-cleaned/qa/081645492-B-review.png,media/batch2-cleaned/cleaned/081645492/081645492-B-step1.webp,081645492-B-step1.jpg,False
08164592-A-step1.jpg,08164592,A,RISKY,FULL_RUN_REJECTED_NOT_DEPLOYED,"[966, 2138, 2860, 2990]",True,PENDING_OWNER_REVIEW,HOLD_IDENTITY_REVIEW,media/batch2-cleaned/qa/08164592-A-review.png,media/batch2-cleaned/cleaned/08164592/08164592-A-step1.webp,08164592-A-step1.jpg,True
08164592-B-step1.jpg,08164592,B,SAFE,FULL_RUN_REJECTED_NOT_DEPLOYED,"[256, 2054, 1986, 2926]",False,PENDING_OWNER_REVIEW,HOLD_IDENTITY_REVIEW,media/batch2-cleaned/qa/08164592-B-review.png,media/batch2-cleaned/cleaned/08164592/08164592-B-step1.webp,08164592-B-step1.jpg,True
081845436-A-step1.jpg,081845436,A,SAFE,FULL_RUN_REJECTED_NOT_DEPLOYED,"[1800, 2200, 2868, 2942]",False,PENDING_OWNER_REVIEW,WAIT_FOR_OWNER_VISUAL_APPROVAL,media/batch2-cleaned/qa/081845436-A-review.png,media/batch2-cleaned/cleaned/081845436/081845436-A-step1.webp,081845436-A-step1.jpg,False
081845436-B-step1.jpg,081845436,B,SAFE,FULL_RUN_REJECTED_NOT_DEPLOYED,"[238, 2262, 1292, 2996]",False,PENDING_OWNER_REVIEW,WAIT_FOR_OWNER_VISUAL_APPROVAL,media/batch2-cleaned/qa/081845436-B-review.png,media/batch2-cleaned/cleaned/081845436/081845436-B-step1.webp,081845436-B-step1.jpg,False
081845730-A-step1.jpg,081845730,A,RISKY,FULL_RUN_REJECTED_NOT_DEPLOYED,"[852, 2002, 2884, 2848]",True,PENDING_OWNER_REVIEW,DO_NOT_DEPLOY_UNTIL_MANUAL_APPROVAL,media/batch2-cleaned/qa/081845730-A-review.png,media/batch2-cleaned/cleaned/081845730/081845730-A-step1.webp,081845730-A-step1.jpg,False
081845730-B-step1.jpg,081845730,B,SAFE,FULL_RUN_REJECTED_NOT_DEPLOYED,"[292, 2324, 1872, 3034]",False,PENDING_OWNER_REVIEW,WAIT_FOR_OWNER_VISUAL_APPROVAL,media/batch2-cleaned/qa/081845730-B-review.png,media/batch2-cleaned/cleaned/081845730/081845730-B-step1.webp,081845730-B-step1.jpg,False
081845731-A-step1.jpg,081845731,A,SAFE,FULL_RUN_REJECTED_NOT_DEPLOYED,"[1686, 2144, 2774, 2900]",False,PENDING_OWNER_REVIEW,WAIT_FOR_OWNER_VISUAL_APPROVAL,media/batch2-cleaned/qa/081845731-A-review.png,media/batch2-cleaned/cleaned/081845731/081845731-A-step1.webp,081845731-A-step1.jpg,False
081845731-B-step1.jpg,081845731,B,SAFE,FULL_RUN_REJECTED_NOT_DEPLOYED,"[344, 2248, 1402, 2986]",False,PENDING_OWNER_REVIEW,WAIT_FOR_OWNER_VISUAL_APPROVAL,media/batch2-cleaned/qa/081845731-B-review.png,media/batch2-cleaned/cleaned/081845731/081845731-B-step1.webp,081845731-B-step1.jpg,False
081845733-A-step1.jpg,081845733,A,SAFE,FULL_RUN_REJECTED_NOT_DEPLOYED,"[1706, 2176, 2774, 2918]",False,PENDING_OWNER_REVIEW,WAIT_FOR_OWNER_VISUAL_APPROVAL,media/batch2-cleaned/qa/081845733-A-review.png,media/batch2-cleaned/cleaned/081845733/081845733-A-step1.webp,081845733-A-step1.jpg,False
081845733-B-step1.jpg,081845733,B,SAFE,FULL_RUN_REJECTED_NOT_DEPLOYED,"[326, 2146, 1412, 2900]",False,PENDING_OWNER_REVIEW,WAIT_FOR_OWNER_VISUAL_APPROVAL,media/batch2-cleaned/qa/081845733-B-review.png,media/batch2-cleaned/cleaned/081845733/081845733-B-step1.webp,081845733-B-step1.jpg,False
081845734-A-step1.jpg,081845734,A,SAFE,FULL_RUN_REJECTED_NOT_DEPLOYED,"[1694, 2248, 2776, 3000]",False,PENDING_OWNER_REVIEW,WAIT_FOR_OWNER_VISUAL_APPROVAL,media/batch2-cleaned/qa/081845734-A-review.png,media/batch2-cleaned/cleaned/081845734/081845734-A-step1.webp,081845734-A-step1.jpg,False
081845734-B-step1.jpg,081845734,B,SAFE,FULL_RUN_REJECTED_NOT_DEPLOYED,"[306, 2132, 1368, 2874]",False,PENDING_OWNER_REVIEW,WAIT_FOR_OWNER_VISUAL_APPROVAL,media/batch2-cleaned/qa/081845734-B-review.png,media/batch2-cleaned/cleaned/081845734/081845734-B-step1.webp,081845734-B-step1.jpg,False
082045410-A-step1.jpg,082045410,A,SAFE,FULL_RUN_REJECTED_NOT_DEPLOYED,"[1782, 2116, 2856, 2864]",False,PENDING_OWNER_REVIEW,WAIT_FOR_OWNER_VISUAL_APPROVAL,media/batch2-cleaned/qa/082045410-A-review.png,media/batch2-cleaned/cleaned/082045410/082045410-A-step1.webp,082045410-A-step1.jpg,False
082045410-B-step1.jpg,082045410,B,SAFE,FULL_RUN_REJECTED_NOT_DEPLOYED,"[102, 2100, 1166, 2842]",False,PENDING_OWNER_REVIEW,WAIT_FOR_OWNER_VISUAL_APPROVAL,media/batch2-cleaned/qa/082045410-B-review.png,media/batch2-cleaned/cleaned/082045410/082045410-B-step1.webp,082045410-B-step1.jpg,False
082045411-A-step1.jpg,082045411,A,RISKY,FULL_RUN_REJECTED_NOT_DEPLOYED,"[880, 2070, 2906, 2902]",True,PENDING_OWNER_REVIEW,DO_NOT_DEPLOY_UNTIL_MANUAL_APPROVAL,media/batch2-cleaned/qa/082045411-A-review.png,media/batch2-cleaned/cleaned/082045411/082045411-A-step1.webp,082045411-A-step1.jpg,False
082045411-B-step1.jpg,082045411,B,RISKY,FULL_RUN_REJECTED_NOT_DEPLOYED,"[0, 2028, 1946, 2806]",True,PENDING_OWNER_REVIEW,DO_NOT_DEPLOY_UNTIL_MANUAL_APPROVAL,media/batch2-cleaned/qa/082045411-B-review.png,media/batch2-cleaned/cleaned/082045411/082045411-B-step1.webp,082045411-B-step1.jpg,False
082045412-A-step1.jpg,082045412,A,SAFE,FULL_RUN_REJECTED_NOT_DEPLOYED,"[1840, 2150, 2928, 2906]",False,PENDING_OWNER_REVIEW,HOLD_IDENTITY_REVIEW,media/batch2-cleaned/qa/082045412-A-review.png,media/batch2-cleaned/cleaned/082045412/082045412-A-step1.webp,082045412-A-step1.jpg,True
082045412-B-step1.jpg,082045412,B,SAFE,FULL_RUN_REJECTED_NOT_DEPLOYED,"[206, 2182, 2048, 2950]",False,PENDING_OWNER_REVIEW,HOLD_IDENTITY_REVIEW,media/batch2-cleaned/qa/082045412-B-review.png,media/batch2-cleaned/cleaned/082045412/082045412-B-step1.webp,082045412-B-step1.jpg,True
082045413-A-step1.jpg,082045413,A,RISKY,FULL_RUN_REJECTED_NOT_DEPLOYED,"[1056, 1988, 2900, 2918]",True,PENDING_OWNER_REVIEW,DO_NOT_DEPLOY_UNTIL_MANUAL_APPROVAL,media/batch2-cleaned/qa/082045413-A-review.png,media/batch2-cleaned/cleaned/082045413/082045413-A-step1.webp,082045413-A-step1.jpg,False
082045413-B-step1.jpg,082045413,B,SAFE,FULL_RUN_REJECTED_NOT_DEPLOYED,"[178, 2122, 1260, 2874]",False,PENDING_OWNER_REVIEW,WAIT_FOR_OWNER_VISUAL_APPROVAL,media/batch2-cleaned/qa/082045413-B-review.png,media/batch2-cleaned/cleaned/082045413/082045413-B-step1.webp,082045413-B-step1.jpg,False
082045415-A-step1.jpg,082045415,A,SAFE,FULL_RUN_REJECTED_NOT_DEPLOYED,"[1866, 2224, 2904, 2948]",False,PENDING_OWNER_REVIEW,WAIT_FOR_OWNER_VISUAL_APPROVAL,media/batch2-cleaned/qa/082045415-A-review.png,media/batch2-cleaned/cleaned/082045415/082045415-A-step1.webp,082045415-A-step1.jpg,False
082045415-B-step1.jpg,082045415,B,SAFE,FULL_RUN_REJECTED_NOT_DEPLOYED,"[166, 2138, 1678, 2882]",False,PENDING_OWNER_REVIEW,WAIT_FOR_OWNER_VISUAL_APPROVAL,media/batch2-cleaned/qa/082045415-B-review.png,media/batch2-cleaned/cleaned/082045415/082045415-B-step1.webp,082045415-B-step1.jpg,False
082045416-A-step1.jpg,082045416,A,SAFE,FULL_RUN_REJECTED_NOT_DEPLOYED,"[1850, 2220, 2930, 2970]",False,PENDING_OWNER_REVIEW,WAIT_FOR_OWNER_VISUAL_APPROVAL,media/batch2-cleaned/qa/082045416-A-review.png,media/batch2-cleaned/cleaned/082045416/082045416-A-step1.webp,082045416-A-step1.jpg,False
082045416-B-step1.jpg,082045416,B,RISKY,FULL_RUN_REJECTED_NOT_DEPLOYED,"[102, 2034, 2018, 2942]",True,PENDING_OWNER_REVIEW,DO_NOT_DEPLOY_UNTIL_MANUAL_APPROVAL,media/batch2-cleaned/qa/082045416-B-review.png,media/batch2-cleaned/cleaned/082045416/082045416-B-step1.webp,082045416-B-step1.jpg,False
082045450-A-step1.jpg,082045450,A,SAFE,FULL_RUN_REJECTED_NOT_DEPLOYED,"[1806, 2236, 2818, 2942]",False,PENDING_OWNER_REVIEW,WAIT_FOR_OWNER_VISUAL_APPROVAL,media/batch2-cleaned/qa/082045450-A-review.png,media/batch2-cleaned/cleaned/082045450/082045450-A-step1.webp,082045450-A-step1.jpg,False
082045450-B-step1.jpg,082045450,B,SAFE,FULL_RUN_REJECTED_NOT_DEPLOYED,"[312, 2214, 1398, 2970]",False,PENDING_OWNER_REVIEW,WAIT_FOR_OWNER_VISUAL_APPROVAL,media/batch2-cleaned/qa/082045450-B-review.png,media/batch2-cleaned/cleaned/082045450/082045450-B-step1.webp,082045450-B-step1.jpg,False
082045451-A-step1.jpg,082045451,A,SAFE,FULL_RUN_REJECTED_NOT_DEPLOYED,"[1842, 2234, 2896, 2968]",False,PENDING_OWNER_REVIEW,WAIT_FOR_OWNER_VISUAL_APPROVAL,media/batch2-cleaned/qa/082045451-A-review.png,media/batch2-cleaned/cleaned/082045451/082045451-A-step1.webp,082045451-A-step1.jpg,False
082045451-B-step1.jpg,082045451,B,SAFE,FULL_RUN_REJECTED_NOT_DEPLOYED,"[274, 2116, 1340, 2860]",False,PENDING_OWNER_REVIEW,WAIT_FOR_OWNER_VISUAL_APPROVAL,media/batch2-cleaned/qa/082045451-B-review.png,media/batch2-cleaned/cleaned/082045451/082045451-B-step1.webp,082045451-B-step1.jpg,False
082045453-A-step1.jpg,082045453,A,SAFE,FULL_RUN_REJECTED_NOT_DEPLOYED,"[1768, 2222, 2854, 2978]",False,PENDING_OWNER_REVIEW,WAIT_FOR_OWNER_VISUAL_APPROVAL,media/batch2-cleaned/qa/082045453-A-review.png,media/batch2-cleaned/cleaned/082045453/082045453-A-step1.webp,082045453-A-step1.jpg,False
082045453-B-step1.jpg,082045453,B,SAFE,FULL_RUN_REJECTED_NOT_DEPLOYED,"[236, 2020, 1322, 2774]",False,PENDING_OWNER_REVIEW,WAIT_FOR_OWNER_VISUAL_APPROVAL,media/batch2-cleaned/qa/082045453-B-review.png,media/batch2-cleaned/cleaned/082045453/082045453-B-step1.webp,082045453-B-step1.jpg,False
082045732-A-step1.jpg,082045732,A,SAFE,FULL_RUN_REJECTED_NOT_DEPLOYED,"[1686, 2228, 2778, 2988]",False,PENDING_OWNER_REVIEW,WAIT_FOR_OWNER_VISUAL_APPROVAL,media/batch2-cleaned/qa/082045732-A-review.png,media/batch2-cleaned/cleaned/082045732/082045732-A-step1.webp,082045732-A-step1.jpg,False
082045732-B-step1.jpg,082045732,B,SAFE,FULL_RUN_REJECTED_NOT_DEPLOYED,"[206, 2164, 1218, 2872]",False,PENDING_OWNER_REVIEW,WAIT_FOR_OWNER_VISUAL_APPROVAL,media/batch2-cleaned/qa/082045732-B-review.png,media/batch2-cleaned/cleaned/082045732/082045732-B-step1.webp,082045732-B-step1.jpg,False
10124828-A-step1.jpg,10124828,A,RISKY,FULL_RUN_REJECTED_NOT_DEPLOYED,"[0, 2376, 3826, 4096]",True,PENDING_OWNER_REVIEW,DO_NOT_DEPLOY_UNTIL_MANUAL_APPROVAL,media/batch2-cleaned/qa/10124828-A-review.png,media/batch2-cleaned/cleaned/10124828/10124828-A-step1.webp,10124828-A-step1.jpg,False
10124828-B-step1.jpg,10124828,B,RISKY,FULL_RUN_REJECTED_NOT_DEPLOYED,"[0, 2458, 4096, 4056]",True,PENDING_OWNER_REVIEW,DO_NOT_DEPLOY_UNTIL_MANUAL_APPROVAL,media/batch2-cleaned/qa/10124828-B-review.png,media/batch2-cleaned/cleaned/10124828/10124828-B-step1.webp,10124828-B-step1.jpg,False
10124828-C-step1.jpg,10124828,C,RISKY,FULL_RUN_REJECTED_NOT_DEPLOYED,"[0, 2376, 4096, 4096]",True,PENDING_OWNER_REVIEW,DO_NOT_DEPLOY_UNTIL_MANUAL_APPROVAL,media/batch2-cleaned/qa/10124828-C-review.png,media/batch2-cleaned/cleaned/10124828/10124828-C-step1.webp,10124828-C-step1.jpg,False
10144405-A-step1.jpg,10144405,A,SAFE,FULL_RUN_REJECTED_NOT_DEPLOYED,"[662, 856, 1109, 1181]",False,PENDING_OWNER_REVIEW,WAIT_FOR_OWNER_VISUAL_APPROVAL,media/batch2-cleaned/qa/10144405-A-review.png,media/batch2-cleaned/cleaned/10144405/10144405-A-step1.webp,10144405-A-step1.jpg,False
10144405-B-step1.jpg,10144405,B,SAFE,FULL_RUN_REJECTED_NOT_DEPLOYED,"[97, 839, 539, 1164]",False,PENDING_OWNER_REVIEW,WAIT_FOR_OWNER_VISUAL_APPROVAL,media/batch2-cleaned/qa/10144405-B-review.png,media/batch2-cleaned/cleaned/10144405/10144405-B-step1.webp,10144405-B-step1.jpg,False
10144532-A-step1.jpg,10144532,A,RISKY,FULL_RUN_REJECTED_NOT_DEPLOYED,"[844, 2038, 2814, 2912]",True,PENDING_OWNER_REVIEW,DO_NOT_DEPLOY_UNTIL_MANUAL_APPROVAL,media/batch2-cleaned/qa/10144532-A-review.png,media/batch2-cleaned/cleaned/10144532/10144532-A-step1.webp,10144532-A-step1.jpg,False
10144532-B-step1.jpg,10144532,B,RISKY,FULL_RUN_REJECTED_NOT_DEPLOYED,"[362, 1944, 2048, 2778]",True,PENDING_OWNER_REVIEW,DO_NOT_DEPLOY_UNTIL_MANUAL_APPROVAL,media/batch2-cleaned/qa/10144532-B-review.png,media/batch2-cleaned/cleaned/10144532/10144532-B-step1.webp,10144532-B-step1.jpg,False
10164669-A-step1.jpeg,10164669,A,SAFE,FULL_RUN_REJECTED_NOT_DEPLOYED,"[755, 883, 1180, 1198]",False,PENDING_OWNER_REVIEW,WAIT_FOR_OWNER_VISUAL_APPROVAL,media/batch2-cleaned/qa/10164669-A-review.png,media/batch2-cleaned/cleaned/10164669/10164669-A-step1.webp,10164669-A-step1.jpeg,False
10164669-B-step1.jpeg,10164669,B,SAFE,FULL_RUN_REJECTED_NOT_DEPLOYED,"[13, 835, 444, 1154]",False,PENDING_OWNER_REVIEW,WAIT_FOR_OWNER_VISUAL_APPROVAL,media/batch2-cleaned/qa/10164669-B-review.png,media/batch2-cleaned/cleaned/10164669/10164669-B-step1.webp,10164669-B-step1.jpeg,False
10164669-C-step1.jpeg,10164669,C,SAFE,FULL_RUN_REJECTED_NOT_DEPLOYED,"[12, 899, 409, 1195]",False,PENDING_OWNER_REVIEW,WAIT_FOR_OWNER_VISUAL_APPROVAL,media/batch2-cleaned/qa/10164669-C-review.png,media/batch2-cleaned/cleaned/10164669/10164669-C-step1.webp,10164669-C-step1.jpeg,False
10165000-A-step1.jpg,10165000,A,RISKY,FULL_RUN_REJECTED_NOT_DEPLOYED,"[664, 681, 970, 916]",True,PENDING_OWNER_REVIEW,DO_NOT_DEPLOY_UNTIL_MANUAL_APPROVAL,media/batch2-cleaned/qa/10165000-A-review.png,media/batch2-cleaned/cleaned/10165000/10165000-A-step1.webp,10165000-A-step1.jpg,False
10165000-B-step1.jpg,10165000,B,SAFE,FULL_RUN_REJECTED_NOT_DEPLOYED,"[50, 728, 375, 974]",False,PENDING_OWNER_REVIEW,WAIT_FOR_OWNER_VISUAL_APPROVAL,media/batch2-cleaned/qa/10165000-B-review.png,media/batch2-cleaned/cleaned/10165000/10165000-B-step1.webp,10165000-B-step1.jpg,False
10194538-A-step1.jpg,10194538,A,RISKY,FULL_RUN_REJECTED_NOT_DEPLOYED,"[744, 1836, 2848, 2924]",True,PENDING_OWNER_REVIEW,DO_NOT_DEPLOY_UNTIL_MANUAL_APPROVAL,media/batch2-cleaned/qa/10194538-A-review.png,media/batch2-cleaned/cleaned/10194538/10194538-A-step1.webp,10194538-A-step1.jpg,False
10194538-B-step1.jpg,10194538,B,RISKY,FULL_RUN_REJECTED_NOT_DEPLOYED,"[272, 1756, 2402, 2872]",True,PENDING_OWNER_REVIEW,DO_NOT_DEPLOY_UNTIL_MANUAL_APPROVAL,media/batch2-cleaned/qa/10194538-B-review.png,media/batch2-cleaned/cleaned/10194538/10194538-B-step1.webp,10194538-B-step1.jpg,False
10204516-A-step1.jpg,10204516,A,RISKY,FULL_RUN_REJECTED_NOT_DEPLOYED,"[82, 2086, 2110, 2882]",True,PENDING_OWNER_REVIEW,DO_NOT_DEPLOY_UNTIL_MANUAL_APPROVAL,media/batch2-cleaned/qa/10204516-A-review.png,media/batch2-cleaned/cleaned/10204516/10204516-A-step1.webp,10204516-A-step1.jpg,False
10204813-A-step1.jpg,10204813,A,NO_LOGO,FULL_RUN_REJECTED_NOT_DEPLOYED,"[93, 2362, 3000, 3971]",True,NO_LOGO_ORIGINAL_OK,NO_REPLACEMENT_NEEDED,media/batch2-cleaned/qa/10204813-A-review.png,media/batch2-cleaned/cleaned/10204813/10204813-A-step1.webp,10204813-A-step1.jpg,False
1098900-A-step1.png,1098900,A,SAFE,FULL_RUN_REJECTED_NOT_DEPLOYED,"[1195, 1384, 1847, 1837]",False,PENDING_OWNER_REVIEW,HOLD_IDENTITY_REVIEW,media/batch2-cleaned/qa/1098900-A-review.png,media/batch2-cleaned/cleaned/1098900/1098900-A-step1.webp,1098900-A-step1.png,True
1098900-B-step1.png,1098900,B,SAFE,FULL_RUN_REJECTED_NOT_DEPLOYED,"[41, 1384, 748, 1874]",False,PENDING_OWNER_REVIEW,HOLD_IDENTITY_REVIEW,media/batch2-cleaned/qa/1098900-B-review.png,media/batch2-cleaned/cleaned/1098900/1098900-B-step1.webp,1098900-B-step1.png,True
11164750-A-step1.jpg,11164750,A,SAFE,FULL_RUN_REJECTED_NOT_DEPLOYED,"[745, 851, 1157, 1156]",False,PENDING_OWNER_REVIEW,WAIT_FOR_OWNER_VISUAL_APPROVAL,media/batch2-cleaned/qa/11164750-A-review.png,media/batch2-cleaned/cleaned/11164750/11164750-A-step1.webp,11164750-A-step1.jpg,False
11164750-B-step1.jpg,11164750,B,SAFE,FULL_RUN_REJECTED_NOT_DEPLOYED,"[38, 825, 447, 1128]",False,PENDING_OWNER_REVIEW,WAIT_FOR_OWNER_VISUAL_APPROVAL,media/batch2-cleaned/qa/11164750-B-review.png,media/batch2-cleaned/cleaned/11164750/11164750-B-step1.webp,11164750-B-step1.jpg,False
11204804-A-step1.jpg,11204804,A,RISKY,FULL_RUN_REJECTED_NOT_DEPLOYED,"[397, 1043, 982, 1295]",False,PENDING_OWNER_REVIEW,DO_NOT_DEPLOY_UNTIL_MANUAL_APPROVAL,media/batch2-cleaned/qa/11204804-A-review.png,media/batch2-cleaned/cleaned/11204804/11204804-A-step1.webp,11204804-A-step1.jpg,False
11224537-A-step1.jpg,11224537,A,SAFE,FULL_RUN_REJECTED_NOT_DEPLOYED,"[1834, 2212, 2894, 2950]",False,PENDING_OWNER_REVIEW,WAIT_FOR_OWNER_VISUAL_APPROVAL,media/batch2-cleaned/qa/11224537-A-review.png,media/batch2-cleaned/cleaned/11224537/11224537-A-step1.webp,11224537-A-step1.jpg,False
11224537-B-step1.jpg,11224537,B,RISKY,FULL_RUN_REJECTED_NOT_DEPLOYED,"[144, 2214, 1994, 2954]",True,PENDING_OWNER_REVIEW,DO_NOT_DEPLOY_UNTIL_MANUAL_APPROVAL,media/batch2-cleaned/qa/11224537-B-review.png,media/batch2-cleaned/cleaned/11224537/11224537-B-step1.webp,11224537-B-step1.jpg,False
12124755-A-step1.jpg,12124755,A,RISKY,FULL_RUN_REJECTED_NOT_DEPLOYED,"[1024, 1940, 2780, 2974]",True,PENDING_OWNER_REVIEW,DO_NOT_DEPLOY_UNTIL_MANUAL_APPROVAL,media/batch2-cleaned/qa/12124755-A-review.png,media/batch2-cleaned/cleaned/12124755/12124755-A-step1.webp,12124755-A-step1.jpg,False
12124755-B-step1.jpg,12124755,B,SAFE,FULL_RUN_REJECTED_NOT_DEPLOYED,"[410, 2078, 2022, 2840]",False,PENDING_OWNER_REVIEW,WAIT_FOR_OWNER_VISUAL_APPROVAL,media/batch2-cleaned/qa/12124755-B-review.png,media/batch2-cleaned/cleaned/12124755/12124755-B-step1.webp,12124755-B-step1.jpg,False
12164727-A-step1.jpg,12164727,A,SAFE,FULL_RUN_REJECTED_NOT_DEPLOYED,"[1091, 1366, 1797, 1856]",False,PENDING_OWNER_REVIEW,WAIT_FOR_OWNER_VISUAL_APPROVAL,media/batch2-cleaned/qa/12164727-A-review.png,media/batch2-cleaned/cleaned/12164727/12164727-A-step1.webp,12164727-A-step1.jpg,False
12164727-B-step1.jpg,12164727,B,NO_LOGO,FULL_RUN_REJECTED_NOT_DEPLOYED,,False,NO_LOGO_ORIGINAL_OK,NO_REPLACEMENT_NEEDED,media/batch2-cleaned/qa/12164727-B-review.png,media/batch2-cleaned/cleaned/12164727/12164727-B-step1.webp,12164727-B-step1.jpg,False
12164727-C-step1.jpg,12164727,C,NO_LOGO,FULL_RUN_REJECTED_NOT_DEPLOYED,,False,NO_LOGO_ORIGINAL_OK,NO_REPLACEMENT_NEEDED,media/batch2-cleaned/qa/12164727-C-review.png,media/batch2-cleaned/cleaned/12164727/12164727-C-step1.webp,12164727-C-step1.jpg,False
12164727-D-step1.jpg,12164727,D,NO_LOGO,FULL_RUN_REJECTED_NOT_DEPLOYED,,False,NO_LOGO_ORIGINAL_OK,NO_REPLACEMENT_NEEDED,media/batch2-cleaned/qa/12164727-D-review.png,media/batch2-cleaned/cleaned/12164727/12164727-D-step1.webp,12164727-D-step1.jpg,False
12164727-E-step1.jpg,12164727,E,NO_LOGO,FULL_RUN_REJECTED_NOT_DEPLOYED,"[68, 548, 960, 1280]",True,NO_LOGO_ORIGINAL_OK,NO_REPLACEMENT_NEEDED,media/batch2-cleaned/qa/12164727-E-review.png,media/batch2-cleaned/cleaned/12164727/12164727-E-step1.webp,12164727-E-step1.jpg,False
12184425-A-step1.jpeg,12184425,A,SAFE,FULL_RUN_REJECTED_NOT_DEPLOYED,"[688, 854, 1129, 1179]",False,PENDING_OWNER_REVIEW,WAIT_FOR_OWNER_VISUAL_APPROVAL,media/batch2-cleaned/qa/12184425-A-review.png,media/batch2-cleaned/cleaned/12184425/12184425-A-step1.webp,12184425-A-step1.jpeg,False
122545400-A-step1.jpg,122545400,A,SAFE,FULL_RUN_REJECTED_NOT_DEPLOYED,"[1872, 2158, 2942, 2902]",False,PENDING_OWNER_REVIEW,WAIT_FOR_OWNER_VISUAL_APPROVAL,media/batch2-cleaned/qa/122545400-A-review.png,media/batch2-cleaned/cleaned/122545400/122545400-A-step1.webp,122545400-A-step1.jpg,False
122545400-B-step1.jpg,122545400,B,SAFE,FULL_RUN_REJECTED_NOT_DEPLOYED,"[102, 2096, 1172, 2840]",False,PENDING_OWNER_REVIEW,WAIT_FOR_OWNER_VISUAL_APPROVAL,media/batch2-cleaned/qa/122545400-B-review.png,media/batch2-cleaned/cleaned/122545400/122545400-B-step1.webp,122545400-B-step1.jpg,False
122545401-A-step1.jpg,122545401,A,SAFE,FULL_RUN_REJECTED_NOT_DEPLOYED,"[1766, 2128, 2832, 2870]",False,PENDING_OWNER_REVIEW,WAIT_FOR_OWNER_VISUAL_APPROVAL,media/batch2-cleaned/qa/122545401-A-review.png,media/batch2-cleaned/cleaned/122545401/122545401-A-step1.webp,122545401-A-step1.jpg,False
122545401-B-step1.jpg,122545401,B,SAFE,FULL_RUN_REJECTED_NOT_DEPLOYED,"[274, 2050, 1352, 2800]",False,PENDING_OWNER_REVIEW,WAIT_FOR_OWNER_VISUAL_APPROVAL,media/batch2-cleaned/qa/122545401-B-review.png,media/batch2-cleaned/cleaned/122545401/122545401-B-step1.webp,122545401-B-step1.jpg,False
122545402-A-step1.jpg,122545402,A,SAFE,FULL_RUN_REJECTED_NOT_DEPLOYED,"[1336, 2096, 2890, 2852]",False,PENDING_OWNER_REVIEW,WAIT_FOR_OWNER_VISUAL_APPROVAL,media/batch2-cleaned/qa/122545402-A-review.png,media/batch2-cleaned/cleaned/122545402/122545402-A-step1.webp,122545402-A-step1.jpg,False
122545402-B-step1.jpg,122545402,B,SAFE,FULL_RUN_REJECTED_NOT_DEPLOYED,"[212, 2008, 2008, 2762]",False,PENDING_OWNER_REVIEW,WAIT_FOR_OWNER_VISUAL_APPROVAL,media/batch2-cleaned/qa/122545402-B-review.png,media/batch2-cleaned/cleaned/122545402/122545402-B-step1.webp,122545402-B-step1.jpg,False
122545403-A-step1.jpg,122545403,A,SAFE,FULL_RUN_REJECTED_NOT_DEPLOYED,"[1956, 2182, 2988, 2904]",False,PENDING_OWNER_REVIEW,WAIT_FOR_OWNER_VISUAL_APPROVAL,media/batch2-cleaned/qa/122545403-A-review.png,media/batch2-cleaned/cleaned/122545403/122545403-A-step1.webp,122545403-A-step1.jpg,False
122545403-B-step1.jpg,122545403,B,SAFE,FULL_RUN_REJECTED_NOT_DEPLOYED,"[162, 2110, 1236, 2858]",False,PENDING_OWNER_REVIEW,WAIT_FOR_OWNER_VISUAL_APPROVAL,media/batch2-cleaned/qa/122545403-B-review.png,media/batch2-cleaned/cleaned/122545403/122545403-B-step1.webp,122545403-B-step1.jpg,False
122545404-A-step1.jpg,122545404,A,RISKY,FULL_RUN_REJECTED_NOT_DEPLOYED,"[902, 2090, 2932, 2946]",True,PENDING_OWNER_REVIEW,DO_NOT_DEPLOY_UNTIL_MANUAL_APPROVAL,media/batch2-cleaned/qa/122545404-A-review.png,media/batch2-cleaned/cleaned/122545404/122545404-A-step1.webp,122545404-A-step1.jpg,False
122545404-B-step1.jpg,122545404,B,RISKY,FULL_RUN_REJECTED_NOT_DEPLOYED,"[174, 1984, 2148, 2870]",True,PENDING_OWNER_REVIEW,DO_NOT_DEPLOY_UNTIL_MANUAL_APPROVAL,media/batch2-cleaned/qa/122545404-B-review.png,media/batch2-cleaned/cleaned/122545404/122545404-B-step1.webp,122545404-B-step1.jpg,False
122545405-A-step1.jpg,122545405,A,SAFE,FULL_RUN_REJECTED_NOT_DEPLOYED,"[1154, 2106, 2898, 2860]",False,PENDING_OWNER_REVIEW,WAIT_FOR_OWNER_VISUAL_APPROVAL,media/batch2-cleaned/qa/122545405-A-review.png,media/batch2-cleaned/cleaned/122545405/122545405-A-step1.webp,122545405-A-step1.jpg,False
122545405-B-step1.jpg,122545405,B,RISKY,FULL_RUN_REJECTED_NOT_DEPLOYED,"[186, 1954, 2034, 2710]",True,PENDING_OWNER_REVIEW,DO_NOT_DEPLOY_UNTIL_MANUAL_APPROVAL,media/batch2-cleaned/qa/122545405-B-review.png,media/batch2-cleaned/cleaned/122545405/122545405-B-step1.webp,122545405-B-step1.jpg,False
122545406-A-step1.jpg,122545406,A,SAFE,FULL_RUN_REJECTED_NOT_DEPLOYED,"[1070, 2160, 2910, 2948]",False,PENDING_OWNER_REVIEW,WAIT_FOR_OWNER_VISUAL_APPROVAL,media/batch2-cleaned/qa/122545406-A-review.png,media/batch2-cleaned/cleaned/122545406/122545406-A-step1.webp,122545406-A-step1.jpg,False
122545406-B-step1.jpg,122545406,B,SAFE,FULL_RUN_REJECTED_NOT_DEPLOYED,"[178, 2076, 1962, 2828]",False,PENDING_OWNER_REVIEW,WAIT_FOR_OWNER_VISUAL_APPROVAL,media/batch2-cleaned/qa/122545406-B-review.png,media/batch2-cleaned/cleaned/122545406/122545406-B-step1.webp,122545406-B-step1.jpg,False
122545407-A-step1.jpg,122545407,A,RISKY,FULL_RUN_REJECTED_NOT_DEPLOYED,"[1008, 2086, 2940, 2926]",True,PENDING_OWNER_REVIEW,DO_NOT_DEPLOY_UNTIL_MANUAL_APPROVAL,media/batch2-cleaned/qa/122545407-A-review.png,media/batch2-cleaned/cleaned/122545407/122545407-A-step1.webp,122545407-A-step1.jpg,False
122545407-B-step1.jpg,122545407,B,RISKY,FULL_RUN_REJECTED_NOT_DEPLOYED,"[104, 2004, 2046, 2752]",True,PENDING_OWNER_REVIEW,DO_NOT_DEPLOY_UNTIL_MANUAL_APPROVAL,media/batch2-cleaned/qa/122545407-B-review.png,media/batch2-cleaned/cleaned/122545407/122545407-B-step1.webp,122545407-B-step1.jpg,False
122545407-C-step1.jpg,122545407,C,SAFE,FULL_RUN_REJECTED_NOT_DEPLOYED,"[158, 2036, 1924, 2800]",False,PENDING_OWNER_REVIEW,WAIT_FOR_OWNER_VISUAL_APPROVAL,media/batch2-cleaned/qa/122545407-C-review.png,media/batch2-cleaned/cleaned/122545407/122545407-C-step1.webp,122545407-C-step1.jpg,False
122545440-A-step1.jpg,122545440,A,RISKY,FULL_RUN_REJECTED_NOT_DEPLOYED,"[1030, 1816, 2926, 2928]",True,PENDING_OWNER_REVIEW,DO_NOT_DEPLOY_UNTIL_MANUAL_APPROVAL,media/batch2-cleaned/qa/122545440-A-review.png,media/batch2-cleaned/cleaned/122545440/122545440-A-step1.webp,122545440-A-step1.jpg,False
122545440-B-step1.jpg,122545440,B,SAFE,FULL_RUN_REJECTED_NOT_DEPLOYED,"[234, 2124, 1556, 2886]",False,PENDING_OWNER_REVIEW,WAIT_FOR_OWNER_VISUAL_APPROVAL,media/batch2-cleaned/qa/122545440-B-review.png,media/batch2-cleaned/cleaned/122545440/122545440-B-step1.webp,122545440-B-step1.jpg,False
122545441-A-step1.jpg,122545441,A,SAFE,FULL_RUN_REJECTED_NOT_DEPLOYED,"[1758, 2140, 2904, 2934]",False,PENDING_OWNER_REVIEW,WAIT_FOR_OWNER_VISUAL_APPROVAL,media/batch2-cleaned/qa/122545441-A-review.png,media/batch2-cleaned/cleaned/122545441/122545441-A-step1.webp,122545441-A-step1.jpg,False
122545441-B-step1.jpg,122545441,B,SAFE,FULL_RUN_REJECTED_NOT_DEPLOYED,"[178, 2050, 1994, 2810]",False,PENDING_OWNER_REVIEW,WAIT_FOR_OWNER_VISUAL_APPROVAL,media/batch2-cleaned/qa/122545441-B-review.png,media/batch2-cleaned/cleaned/122545441/122545441-B-step1.webp,122545441-B-step1.jpg,False
122545444-A-step1.jpg,122545444,A,RISKY,FULL_RUN_REJECTED_NOT_DEPLOYED,"[876, 1946, 2930, 2834]",True,PENDING_OWNER_REVIEW,DO_NOT_DEPLOY_UNTIL_MANUAL_APPROVAL,media/batch2-cleaned/qa/122545444-A-review.png,media/batch2-cleaned/cleaned/122545444/122545444-A-step1.webp,122545444-A-step1.jpg,False
122545444-B-step1.jpg,122545444,B,RISKY,FULL_RUN_REJECTED_NOT_DEPLOYED,"[170, 1818, 2114, 2832]",True,PENDING_OWNER_REVIEW,DO_NOT_DEPLOY_UNTIL_MANUAL_APPROVAL,media/batch2-cleaned/qa/122545444-B-review.png,media/batch2-cleaned/cleaned/122545444/122545444-B-step1.webp,122545444-B-step1.jpg,False
122545445-A-step1.jpg,122545445,A,SAFE,FULL_RUN_REJECTED_NOT_DEPLOYED,"[1810, 2190, 2910, 2954]",False,PENDING_OWNER_REVIEW,WAIT_FOR_OWNER_VISUAL_APPROVAL,media/batch2-cleaned/qa/122545445-A-review.png,media/batch2-cleaned/cleaned/122545445/122545445-A-step1.webp,122545445-A-step1.jpg,False
122545445-B-step1.jpg,122545445,B,SAFE,FULL_RUN_REJECTED_NOT_DEPLOYED,"[1826, 2142, 2880, 2876]",False,PENDING_OWNER_REVIEW,WAIT_FOR_OWNER_VISUAL_APPROVAL,media/batch2-cleaned/qa/122545445-B-review.png,media/batch2-cleaned/cleaned/122545445/122545445-B-step1.webp,122545445-B-step1.jpg,False
122545445-C-step1.jpg,122545445,C,SAFE,FULL_RUN_REJECTED_NOT_DEPLOYED,"[212, 2054, 1314, 2818]",False,PENDING_OWNER_REVIEW,WAIT_FOR_OWNER_VISUAL_APPROVAL,media/batch2-cleaned/qa/122545445-C-review.png,media/batch2-cleaned/cleaned/122545445/122545445-C-step1.webp,122545445-C-step1.jpg,False
14254825-A-step1.jpg,14254825,A,NO_LOGO,FULL_RUN_REJECTED_NOT_DEPLOYED,"[0, 1642, 145, 1800]",False,NO_LOGO_ORIGINAL_OK,NO_REPLACEMENT_NEEDED,media/batch2-cleaned/qa/14254825-A-review.png,media/batch2-cleaned/cleaned/14254825/14254825-A-step1.webp,14254825-A-step1.jpg,False
14254826-A-step1.jpg,14254826,A,SAFE,FULL_RUN_REJECTED_NOT_DEPLOYED,"[1024, 1138, 1425, 1436]",False,PENDING_OWNER_REVIEW,WAIT_FOR_OWNER_VISUAL_APPROVAL,media/batch2-cleaned/qa/14254826-A-review.png,media/batch2-cleaned/cleaned/14254826/14254826-A-step1.webp,14254826-A-step1.jpg,False
14254826-B-step1.jpg,14254826,B,RISKY,FULL_RUN_REJECTED_NOT_DEPLOYED,"[26, 1058, 900, 1440]",True,PENDING_OWNER_REVIEW,DO_NOT_DEPLOY_UNTIL_MANUAL_APPROVAL,media/batch2-cleaned/qa/14254826-B-review.png,media/batch2-cleaned/cleaned/14254826/14254826-B-step1.webp,14254826-B-step1.jpg,False
15184805-A-step1.jpg,15184805,A,NO_LOGO,FULL_RUN_REJECTED_NOT_DEPLOYED,"[595, 759, 732, 864]",False,NO_LOGO_ORIGINAL_OK,NO_REPLACEMENT_NEEDED,media/batch2-cleaned/qa/15184805-A-review.png,media/batch2-cleaned/cleaned/15184805/15184805-A-step1.webp,15184805-A-step1.jpg,False
16144827-A-step1.jpg,16144827,A,NO_LOGO,FULL_RUN_REJECTED_NOT_DEPLOYED,"[424, 1664, 3000, 2600]",True,NO_LOGO_ORIGINAL_OK,NO_REPLACEMENT_NEEDED,media/batch2-cleaned/qa/16144827-A-review.png,media/batch2-cleaned/cleaned/16144827/16144827-A-step1.webp,16144827-A-step1.jpg,False
17254537-A-step1.jpg,17254537,A,NO_LOGO,FULL_RUN_REJECTED_NOT_DEPLOYED,"[0, 374, 2304, 3072]",True,NO_LOGO_ORIGINAL_OK,NO_REPLACEMENT_NEEDED,media/batch2-cleaned/qa/17254537-A-review.png,media/batch2-cleaned/cleaned/17254537/17254537-A-step1.webp,17254537-A-step1.jpg,False
17254537-B-step1.jpg,17254537,B,RISKY,FULL_RUN_REJECTED_NOT_DEPLOYED,"[0, 892, 3072, 3072]",True,PENDING_OWNER_REVIEW,DO_NOT_DEPLOY_UNTIL_MANUAL_APPROVAL,media/batch2-cleaned/qa/17254537-B-review.png,media/batch2-cleaned/cleaned/17254537/17254537-B-step1.webp,17254537-B-step1.jpg,False
17254817-A-step1.jpeg,17254817,A,RISKY,FULL_RUN_REJECTED_NOT_DEPLOYED,"[1074, 1756, 2918, 2994]",True,PENDING_OWNER_REVIEW,DO_NOT_DEPLOY_UNTIL_MANUAL_APPROVAL,media/batch2-cleaned/qa/17254817-A-review.png,media/batch2-cleaned/cleaned/17254817/17254817-A-step1.webp,17254817-A-step1.jpeg,False
17254817-B-step1.jpeg,17254817,B,RISKY,FULL_RUN_REJECTED_NOT_DEPLOYED,"[142, 1642, 2160, 2952]",True,PENDING_OWNER_REVIEW,DO_NOT_DEPLOY_UNTIL_MANUAL_APPROVAL,media/batch2-cleaned/qa/17254817-B-review.png,media/batch2-cleaned/cleaned/17254817/17254817-B-step1.webp,17254817-B-step1.jpeg,False
21254539-A-step1.jpg,21254539,A,RISKY,FULL_RUN_REJECTED_NOT_DEPLOYED,"[922, 1960, 2848, 2940]",True,PENDING_OWNER_REVIEW,DO_NOT_DEPLOY_UNTIL_MANUAL_APPROVAL,media/batch2-cleaned/qa/21254539-A-review.png,media/batch2-cleaned/cleaned/21254539/21254539-A-step1.webp,21254539-A-step1.jpg,False
21254539-B-step1.jpg,21254539,B,RISKY,FULL_RUN_REJECTED_NOT_DEPLOYED,"[444, 1880, 2260, 2900]",True,PENDING_OWNER_REVIEW,DO_NOT_DEPLOY_UNTIL_MANUAL_APPROVAL,media/batch2-cleaned/qa/21254539-B-review.png,media/batch2-cleaned/cleaned/21254539/21254539-B-step1.webp,21254539-B-step1.jpg,False
2198900-A-step1.jpeg,2198900,A,RISKY,FULL_RUN_REJECTED_NOT_DEPLOYED,"[375, 676, 1179, 1183]",True,PENDING_OWNER_REVIEW,HOLD_IDENTITY_REVIEW,media/batch2-cleaned/qa/2198900-A-review.png,media/batch2-cleaned/cleaned/2198900/2198900-A-step1.webp,2198900-A-step1.jpeg,True
2198900-B-step1.jpeg,2198900,B,RISKY,FULL_RUN_REJECTED_NOT_DEPLOYED,"[20, 718, 589, 1175]",True,PENDING_OWNER_REVIEW,HOLD_IDENTITY_REVIEW,media/batch2-cleaned/qa/2198900-B-review.png,media/batch2-cleaned/cleaned/2198900/2198900-B-step1.webp,2198900-B-step1.jpeg,True
2198900-C-step1.jpeg,2198900,C,RISKY,FULL_RUN_REJECTED_NOT_DEPLOYED,"[17, 715, 460, 1169]",True,PENDING_OWNER_REVIEW,HOLD_IDENTITY_REVIEW,media/batch2-cleaned/qa/2198900-C-review.png,media/batch2-cleaned/cleaned/2198900/2198900-C-step1.webp,2198900-C-step1.jpeg,True
2409000-A-step1.jpg,2409000,A,RISKY,FULL_RUN_REJECTED_NOT_DEPLOYED,"[547, 1069, 1432, 1409]",True,PENDING_OWNER_REVIEW,HOLD_IDENTITY_REVIEW,media/batch2-cleaned/qa/2409000-A-review.png,media/batch2-cleaned/cleaned/2409000/2409000-A-step1.webp,2409000-A-step1.jpg,True
30089-A-step1.jpg,30089,A,NO_LOGO,FULL_RUN_REJECTED_NOT_DEPLOYED,"[0, 226, 588, 1280]",True,NO_LOGO_ORIGINAL_OK,NO_REPLACEMENT_NEEDED,media/batch2-cleaned/qa/30089-A-review.png,media/batch2-cleaned/cleaned/30089/30089-A-step1.webp,30089-A-step1.jpg,False
